Model,Brand,Name,M/C,MSRP,Dealer
CF-10,COAXIAL,"HYDRO 10"" 2-Way Marine Speakers with Integrated RGB LED Lights 500 Watts Black Carbon Fiber",,319.95,179.99
ZL-15PRO,Exclusive ZUMBA LOUD Pro Audio Speakers,"Exclusive ZUMBA LOUD High-Powered Porffesional 15"" Speaker System 2000 Watts Peak",TBA,699.95,399.99
ZL15M,Exclusive ZUMBA LOUD Pro Audio Speakers,"Exclusive ZUMBA LOUD Powered 15"" Speaker System With MP3, USB & TWS BT 1000 Watts Peak",TBA,574.95,319.99
ZL12M,Exclusive ZUMBA LOUD Pro Audio Speakers,"Exclusive ZUMBA LOUD Powered 12"" Speaker System With MP3 USB & TWS BT 1000 Watts",TBA,499.95,284.99
ZL10AT,Exclusive ZUMBA LOUD Pro Audio Speakers,"Exclusive ZUMBA LOUD Powered All in One Line Array 10"" Tower Speaker System With MP3 USB & TWS BT 1000 Watts Peak",TBA,699.95,399.95
DDX6.2,Video And Remotes,"Double-Din, DVD Player 6.2"" Touchscreen Bluetooth, Mirror Link",6,199.95,114.99
DDX6.2LX,Video And Remotes,"Double-Din, DVD Player, 6.2"" Touchscreen Advance Linux Software, BT, Capacitive Touch, Mirror Link",6,284.95,159.95
DDX6.2AD,Video And Remotes,"Double-Din, DVD Player, 6.2"" Touchscreen Advance ANDROID Software, BT, Capacitive Touch, Mirror Link",6,429.95,239.99
HT9D,Video And Remotes,"9"" Headrest with Dvd And 3 Colors Skins ( Single )",6,269.95,149.99
HT9D,Video And Remotes,"9"" Headrest 3 Colors Skins ( Single )",6,154.95,86.49
SWLDC1.2,Video And Remotes,Long Distance Remote Control 1.2 Miles Range + Steering Wheel Control Combo Available in 6 colors,20,94.95,52.99
LDC1.2,Video And Remotes,Long Distance Remote Control 1.2 Miles Range Available in 6 colors,20,53.95,29.99
LDC1.2WR,Video And Remotes,Long Distance Remote Control 1.2 Miles Range with Wire Remote Output Available in 6 colors,20,69.95,39.99
SQCOMP,SQ,"SQ 6.5"" 2 Way Component System 180 Watts",,269.95,149.99
SQCOAX,SQ,"SQ 6.5"" Coaxial 180 Watts",,139.95,77.99
EXL-SQ6.9,EXL,"EXL 6x9"" 3-Ohm 2-Way Coaxial Speaker 560 Watts with Fiber Glass Cone",,114.95,64.99
EXL-SQ6.5,EXL,"EXL 6.5"" 3-Ohm 2-Way Coaxial Speaker 400 Watts with Fiber Glass Cone",,89.95,50.99
EXL-SQ5.25,EXL,"EXL 5.25"" 3-Ohm 2-Way Coaxial Speaker 340 Watts with Fiber Glass Cone",,69.95,38.99
EXL-SQ4.0,EXL,"EXL 4"" 3-Ohm 2-Way Coaxial Speaker 340 Watts with Fiber Glass Cone",,59.95,33.99
EXL-SQ6.5C,EXL,"EXL 6.5"" 2-Way Component System 400 Watts",,139.95,78.99
Z-694,ELITEZ,"ELITE 6""x9"" 2-Way Coaxial Speakers 240 Watts",,99.95,56.99
Z-574,ELITEZ,"ELITE 5""x7"" 2-Way Coaxial Speakers 150 Watts",,86.95,48.99
Z-654,ELITEZ,"ELITE 6.5"" 2-Way Coaxial Speakers 180 Watts",,69.95,38.99
Z-5254,ELITEZ,"ELITE 5.25"" 2-Way Coaxial Speakers 150 Watts",,62.95,34.99
Z-464,ELITEZ,"ELITE 4""x6"" 2-Way Coaxial Speakers 120 Watts",,69.95,39.99
Z-44,ELITEZ,"ELITE 4"" 2-Way Coaxial Speakers 120 Watts",,56.95,32.99
Z-354,ELITEZ,"ELITE 3.5"" Full Range Speakers 100 Watts",,49.95,27.99
GENX-6.9,GEN-X,"GEN-X 6x9"" 4-Way Coaxial Speakers 180 Watts",,54.95,31.99
GENX-5.7,GEN-X,"GEN-X 5x7"" 3-Way Coaxial Speakers 165 Watts",,42.95,23.99
GENX-6.5,GEN-X,"GEN-X 6.5"" 3-Way Coaxial Speakers 150 Watts",,42.95,23.99
GENX-5.25,GEN-X,"GEN-X 5.25""2-Way Coaxial Speakers 135 Watts",,36.95,20.99
GENX-4.25,GEN-X,GEN-X 4x6 2-Way Coaxial Speakers 135 Watts,,36.96,20.99
GENX-4,GEN-X,"GEN-X 4"" 2-Way Coaxial Speakers 120 Watts",,33.95,18
GENX-6.5C,GEN-X,"GEN-X 6.5"" 2-Way Component System 150 Watts",,86.95,48.99
SLC-N69X,SELECT,"SELECT 6"" x 9"" 5-Way Coaxial Speaker 260 Watts",,43.95,24.49
SLC-N65X,SELECT,"SELECT 6"" 4-Way Coaxial Speaker 200 Watts",,26.95,14.59
SLC-N525X,SELECT,"SELECT 5.25"" 4-Way Coaxial Speaker 160 Watts",,25.95,14.49
SLC-N4X,SELECT,"SELECT 4"" 4-Way Coaxial Speaker 140 Watts",,22.95,12.99
PRO-1.5KP12.4,"8"" PANCADAO TROUBLEMAKER","PANCADAO Mid Bass 12"" 1500 Rms 4Ohm Svc",,359.95,199.95
PRO-3KP12.2,"8"" PANCADAO TROUBLEMAKER","PANCADAO Mid Bass 12"" 3000 Rms 2Ohm Svc",,429.95,239.99
PRO-EXL64,PRO EXL MID RANGES 4OHM,"PRO EXL 6"" Midrange Loudspeaker 600 Watts 4-ohm",,89.95,49.99
PROEXL84,PRO EXL MID RANGES 4OHM,"PRO EXL 8"" Midrange Loudspeaker 800 Watts 4-ohm",,122.95,68.99
PRO-EXL104,PRO EXL MID RANGES 4OHM,"PRO EXL 10"" Midrange Loudspeaker 1000 Watts 4-ohm",,179.95,99.99
PRO-EXL104MB,PRO EXL MID RANGES 4OHM,"PRO EXL 10"" Mid Bass Loudspeaker 1000 Watts 4-ohm",,179.95,99.99
PRO-EXL124,PRO EXL MID RANGES 4OHM,"PRO EXL 12"" Midrange Loudspeaker 1200 Watts 4-ohm",,224.95,124.99
PRO-EXL124MB,PRO EXL MID RANGES 4OHM,"PRO EXL 12"" Mid Bass Loudspeaker 1200 Watts 8-ohm",,239.95,139.99
PRO-EXL64RCK,PRO EXL MID RANGES RECKON KITS,PRO EXL Recone kit for PRO-EXL64,,29.95,16.99
PRO-EXL84RCK,PRO EXL MID RANGES RECKON KITS,PRO EXL Recone kit for PRO-EXL84,,39.95,21.99
PRO-EXL104RCK,PRO EXL MID RANGES RECKON KITS,PRO EXL Recone kit for PRO-EXL104,,49.95,27.99
PRO-EXL104MBRCK,PRO EXL MID RANGES RECKON KITS,PRO EXL Recone kit for PRO-EXL104MB,,49.95,27.99
PRO-EXL124RCK,PRO EXL MID RANGES RECKON KITS,PRO EXL Recone kit for PRO-EXL124,,56.95,31.99
PRO-EXL68,PRO EXL MIDRANGE AND MIDDBASS 8OHM,"PRO EXL 6"" Midrange Loudspeaker 600 Watts 8-ohm",,89.95,49.99
PRO-EXL88,PRO EXL MIDRANGE AND MIDDBASS 8OHM,"PRO EXL 8"" Midrange Loudspeaker 800 Watts 8-ohm",,122.95,68.99
PRO-EXL108,PRO EXL MIDRANGE AND MIDDBASS 8OHM,"PRO EXL 10"" Midrange Loudspeaker 1000 Watts 8-ohm",,179.95,99.99
PRO-EXL108MB,PRO EXL MIDRANGE AND MIDDBASS 8OHM,"PRO EXL 10"" Mid Bass Loudspeaker 1000 Watts 8-ohm",,179.95,99.99
PRO-EXL128,PRO EXL MIDRANGE AND MIDDBASS 8OHM,"PRO EXL 12"" Midrange Loudspeaker 1200 Watts 8-ohm",,224.95,124.99
PRO-EXL128MB,PRO EXL MIDRANGE AND MIDDBASS 8OHM,"PRO EXL 12"" Mid Bass Loudspeaker 1200 Watts 8-ohm",,239.95,139.99
PRO-EXL68RCK,PRO EXL MID RANGES RECKON KITS,PRO EXL Recone kit for PRO-EXL68,,29.95,16.99
PRO-EXL88RCK,PRO EXL MID RANGES RECKON KITS,PRO EXL Recone kit for PRO-EXL88,,39.95,21.99
PRO-EXL108RCK,PRO EXL MID RANGES RECKON KITS,PRO EXL Recone kit for PRO-EXL108,,49.95,27.99
PRO-EXL108MBRCK,PRO EXL MID RANGES RECKON KITS,PRO EXL Recone kit for PRO-EXL108MB,,49.95,27.99
PRO-EXL128RCK,PRO EXL MID RANGES RECKON KITS,PRO EXL Recone kit for PRO-EXL128,,56.95,31.99
PRO-MH10.4,PRO MH MIDERANGE,"PRO 10"" MIDRANGE 4OHM 1000 WATTS",,149.95,84.99
PRO-MH10.8,PRO MH MIDERANGE,"PRO 10"" MIDRANGE 8OHM 1000 WATTS",,149.95,84.99
PRO-MH12.4,PRO MH MIDERANGE,"PRO 12"" MIDRANGE 4OHM 1200 WATTS",,179.95,99.99
PRO-MH12.8,PRO MH MIDERANGE,"PRO 12"" MIDRANGE 8OHM 1200 WATTS",,179.95,99.99
PRO-HYBRID6,PRO HYBRID MID RANGE,"PRO 6"" Hybrid Midrange Loudspeaker with 2-Way Coaxial Driver 400 Watts 8-ohm ( Driver Included )",,0,0
PRO-HYBRID8,PRO HYBRID MID RANGE,"PRO 8"" Hybrid Midrange Loudspeaker with 2-Way Coaxial Driver 400 Watts 8-ohm ( Driver Not Included PRO-DR550 Recommended )",,93.95,52.99
PRO-HYBRID10,PRO HYBRID MID RANGE,"PRO 10"" Hybrid Midrange Loudspeaker with 2-Way Coaxial Driver 600 Watts 8-ohm ( Driver Not Included PRO-DR550 Recommended )",,129.95,75.99
PRO-EXL64NB,NEODINIUM MAGENTS MID,"PRO 6"" Neodymium Magnet Full Range Loudspeaker 400 Watts",,179.95,99.99
PRO-EXL84NB,NEODINIUM MAGENTS MID,"PRO 8"" Neodymium Magnet Full Range Loudspeaker 500 Watts",,189.95,104.99
PRO-FR5NEO,PRO,"PRO 5.25"" Neodymium Magnet Full Range Loudspeaker 400 Watts",,79.95,44.99
PRO-FR6NEO,PRO,"PRO 6"" Neodymium Magnet Full Range Loudspeaker 500 Watts",,94.95,53.99
PRO-FR8NEO,PRO,"PRO 8"" Neodymium Magnet Full Range Loudspeaker 500 Watts",,148.95,82.99
PRO-NE06,PRO,"PRO 6"" Neodymium Magnet Midrange Loudspeaker 500 Watts 4-Ohm",,134.95,75.99
PRO-NE08,PRO,"PRO 8"" Neodymium Magnet Midrange Loudspeaker 600 Watts 4-Ohm",,169.95,95.99
PRO-NEO6R,PRO,"PRO 6"" Neodymium Rings Magnet Midrange Loudspeaker 600 Watts 4-Ohm",,143.95,79.99
PRO-NEO8R,PRO,"PRO 8"" Neodymium Rings Magnet Midrange Loudspeaker 800 Watts 4-Ohm",,179.95,99.99
PRO-NEO10R,PRO,"PRO 10"" Neodymium Rings Magnet Midrange Loudspeaker 1000 Watts 4-Ohm",,219.95,126.99
PRO-NEO6SLIM,PRO,"PRO 6"" Shallow Neodymium Magnet Midrange Loudspeaker with Bullet 400 Watts 4-Ohm",,104.95,59.99
PRO-NEO8SLIM,PRO,"PRO 8"" Shallow Neodymium Magnet Midrange Loudspeaker with Bullet 500 Watts 4-Ohm",,149.95,86.99
PRO-SM6.2NEO,PRO SM 2-OHM Water Resistance( PERFECT FOR MOTORCYCLES),"PRO 6"" Mid Range Loudspeaker 700 Watts 2-ohm Water Resistance Cone Neo Magnet",,199.95,114.99
PRO-SM8.2NEO,PRO SM 2-OHM Water Resistance( PERFECT FOR MOTORCYCLES),"PRO 8"" Mid Range Loudspeaker 800 Watts 2-ohm Water Resistance Cone Neo Magnet",,224.95,124.99
PRO-SM6.2,PRO SM 2-OHM Water Resistance( PERFECT FOR MOTORCYCLES),"PRO 6"" Mid Range Loudspeaker 500 Watts 2-ohm With Water Resistance Coating",,44.95,25.99
PRO-SM8.2,PRO SM 2-OHM Water Resistance( PERFECT FOR MOTORCYCLES),"PRO 8"" Mid Range Loudspeaker 550 Watts 2-ohm With Water Resistance Coating",,56.95,31.99
PRO-ZT6,MID RANGE WITH TWEETER,"PRO 6"" Midrange Loudspeaker With Bullet Tweeter 450 Watts 4-ohm With Grill",,74.95,41.99
PRO-ZT8,MID RANGE WITH TWEETER,"PRO 8"" Midrange Loudspeaker With Bullet Tweeter 500 Watts 4-ohm With Grill",,86.95,48.99
PRO-ZT69,MID RANGE WITH TWEETER,PRO 6x9 Midrange Loudspeaker With Bullet Tweeter 550 Watts 4-ohm With Grill,,86.95,48.99
PRO-X6.4M,PRO X 4 OHM,"PRO 6"" Midrange Loudspeaker 450 Watts 4-ohm",,38.95,18.99
PRO-X8.4M,PRO X 4 OHM,"PRO 8"" Midrange Loudspeaker 550 Watts 4-ohm",,49.95,26.99
PRO-X694BM,PRO X 4 OHM,PRO 6X9 Midrange Loudspeaker With Bullet 700 Watts 4-ohm With Grill,,62.95,34.99
PRO-X10.4M,PRO X 4 OHM,"PRO 10"" Midrange Loudspeaker 600 Watts 4-ohm",,69.95,40.99
PRO-X12.4M,PRO X 4 OHM,"PRO 12"" Mid Bass Loudspeaker 900 Watts 4-ohm",,99.95,59.99
PRO-X4M,PRO X 8 OHM,"PRO 4"" Midrange Loudspeaker 200 Watts 8-ohm",,28.95,14.99
PRO-X5M,PRO X 8 OHM,"PRO 5.25"" Midrange Loudspeaker 300 Watts 8-ohm",,34.95,17.99
PRO-X6M,PRO X 8 OHM,"PRO 6"" Midrange Loudspeaker 450 Watts 8-ohm",,38.95,18.99
PRO-X8M,PRO X 8 OHM,"PRO 8"" Midrange Loudspeaker 550 Watts 8-ohm",,49.95,26.99
PRO-X698BM,PRO X 8 OHM,PRO 6X9 Midrange Loudspeaker With Bullet 700 Watts 8-ohm With Grill,,62.95,34.99
PRO-X10M,PRO X 8 OHM,"PRO 10"" Midrange Loudspeaker 600 Watts 8-ohm",,72.95,40.99
PRO-X10MBASS,PRO X 8 OHM,"PRO 10"" Mid Bass Loudspeaker 800 Watts 8-ohm",,86.95,47.99
PRO-X12M,PRO X 8 OHM,"PRO 12"" Mid Bass Loudspeaker 900 Watts 4-ohm",,104.95,59.99
PRO-X10MBASSRCK,PRO X 8 OHM,PRO Recone Kit for PRO-X10MBASS,,34.95,19.99
PRO-X6BM,PRO X WITH BULLET 8 OHM,"PRO 6"" Midrange Loudspeaker With Bullet 500 Watts 8-ohm",,41.95,21.99
PRO-X8BM,PRO X WITH BULLET 8 OHM,"PRO 8"" Midrange Loudspeaker With Bullet 550 Watts 8-ohm",,52.95,28.99
PRO-X10BM,PRO X WITH BULLET 8 OHM,"PRO 10"" Midrange Loudspeaker With Bullet 600 Watts 8-ohm",,81.95,44.99
PRO-X4.4BM,PRO X WITH BULLET 4OHM,"PRO 4"" Midrange Loudspeaker With Bullet 200 Watts 4-ohm",,29.95,16.99
PRO-X5.4BM,PRO X WITH BULLET 4OHM,"PRO 5.25"" Midrange Loudspeaker With Bullet 300W Watts 4-ohm",,36.95,20.99
PRO-X6.4BM,PRO X WITH BULLET 4OHM,"PRO 6"" Midrange Loudspeaker With Bullet 500 Watts 4-ohm",,41.95,21.99
PRO-X8.4BM,PRO X WITH BULLET 4OHM,"PRO 8"" Midrange Loudspeaker With Bullet 550 Watts 4-ohm",,52.95,28.99
PRO-X6.4BMSL,PRO X WITH BULLET 4OHM,"PRO 6"" Midrange Loudspeaker With Bullet 500 Watts 4-ohm",,41.95,21.99
PRO-X6MSE,PRO X SEALED BACK,"PRO 6"" SeaLED Back Midrange Loudspeaker 450 Watts 8-ohm",,39.95,21.04
PRO-X8MSE,PRO X SEALED BACK,"PRO 8"" SeaLED Back Midrange Loudspeaker 550 Watts 8-ohm",,51.95,28.06
PRO-GM6.4,PRO-G,"PRO 6"" Midrange Loudspeaker 480 Watts 4-ohm",,26.95,13.99
PRO-GM8.4,PRO-G,"PRO 8"" Midrange Loudspeaker 580 Watts 4-ohm",,29.95,16.99
PRO-GM10.4,PRO-G,"PRO 10"" Midrange Loudspeaker 660 Watts 4-ohm",,44.95,24.99
PRO-GM6,PRO-G,"PRO 6"" Midrange Loudspeaker 480 Watts 8-ohm",,26.95,13.99
PRO-GM8,PRO-G,"PRO 8"" Midrange Loudspeaker 580 Watts 8-ohm",,29.95,16.99
PRO-GM10,PRO-G,"PRO 10"" Midrange Loudspeaker 660 Watts 8-ohm",,44.95,24.99
PRO-GM6.4B,PRO-G WITH BULLET,"PRO 6"" Midrange Loudspeaker With Bullet 580 Watts 4-ohm",,32.95,17.99
PRO-GM8.4B,PRO-G WITH BULLET,"PRO 8"" Midrange Loudspeaker With Bullet 660 Watts 4-ohm",,41.95,21.99
PRO-GM6B,PRO-G WITH BULLET,"PRO 6"" Midrange Loudspeaker With Bullet 580 Watts 8-ohm",,32.95,17.99
PRO-GM8B,PRO-G WITH BULLET,"PRO 8"" Midrange Loudspeaker With Bullet 660 Watts 8-ohm",,41.95,21.99
PRO-GM6SE,PRO-G SEALED BACK,"PRO 6"" SeaLED Back Midrange Loudspeaker W 480 Watts 8-ohm",,26.95,13.99
PRO-GM8SE,PRO-G SEALED BACK,"PRO 8"" SeaLED Back Midrange Loudspeaker 580 Watts 8-ohm",,29.95,16.99
PRO-GM64PK,PRO MID AND TWEETERS PACKAGE,2 X PRO-GM6.4 + Pair Of PRO-TW120 Package,,76.95,44.95
PRO-GM84PK,PRO MID AND TWEETERS PACKAGE,2 X PRO-GM8.4 + Pair Of PRO-TW120 Package,,89.95,51.99
PRO-X6.4BPK,PRO MID AND TWEETERS PACKAGE,2 X PRO-X6.4B + Pair Of PRO-TW220 Package,,114.95,65.99
PRO-X8.4BPK,PRO MID AND TWEETERS PACKAGE,2 X PRO-X8.4B + Pair Of PRO-TW220 Package,,139.95,82.99
PRO-BOX,VOCETEO CERTIFIED,"Voceteo 2 x 10"" Ported MDF Enclosure with Fiber Glass",,269.95,154.99
PRO-BOXLOADED,VOCETEO CERTIFIED,"Voceteo 2 x 10"" Ported MDF Enclosure with Fiber Glass Loaded",,699.95,414.99
PRO-CUBE6,VOCETEO CERTIFIED,"Exclusive DS18 CUBE 9X9X9 With PRO-EXL68 diffuser For Estreme Performance Stacable 8""",,179.95,99.99
PRO-CUBE8,VOCETEO CERTIFIED,"Exclusive DS18 CUBE 10X10X10 With PRO-EXL88 diffuser For Estreme Performance Stacable 6""",,229.95,129.99
PRO-CUBE10,VOCETEO CERTIFIED,"Exclusive DS18 CUBE 12X12X12 With PRO-EXL108 diffuser For Estreme Performance Stacable 10""",,319.95,179.99
JBASS,JEEP EXCLUSIVES BACK GATE SOUND SYSTEM,"exclusive Jeep Gate Enclosure for 2X10"" Shallow Subwoofer",,349.95,199.99
JMID,JEEP EXCLUSIVES BACK GATE SOUND SYSTEM,"Jeep Gate Enclosure for 2 X 10"" MidRanges And Tweeters",,349.95,199.99
JK-SBAR/BK,JK JEEP EXCLUSIVES OVERHEAD SOUND SYSTEM,"Exclusive Ds18 Overhead Bar System For Jeeps ( 4X8"" Midranges 4Xtweeters 2X Drivers ) Black",,799.95,479.99
JK-SBAR/SL,JK JEEP EXCLUSIVES OVERHEAD SOUND SYSTEM,"Exclusive Ds18 Overhead Bar System For Jeeps ( 4X8"" Midranges 4Xtweeters 2X Drivers ) Silver",,799.95,479.99
JK-SBAR/RD,JK JEEP EXCLUSIVES OVERHEAD SOUND SYSTEM,"Exclusive Ds18 Overhead Bar System for Jeeps ( 4X8"" Midranges 4Xtweeters 2X Drivers ) Red",,799.95,479.99
JK-SBAR/WH,JK JEEP EXCLUSIVES OVERHEAD SOUND SYSTEM,"Exclusive Ds18 Overhead Bar System For Jeeps ( 4X8"" Midranges 4Xtweeters 2X Drivers ) White",,799.95,479.99
JK-SBAR/TL,JK JEEP EXCLUSIVES OVERHEAD SOUND SYSTEM,"Exclusive Ds18 Overhead Bar System For Jeeps ( 4 X8"" Midranges 4 X Tweeters 2X Drivers ) Teal",,799.95,479.99
JK-SBAR/PINK,JK JEEP EXCLUSIVES OVERHEAD SOUND SYSTEM,"Exclusive Ds18 Overhead Bar System For Jeeps ( 4 X8"" Midranges 4 X Tweeters 2X Drivers ) Pink",,799.95,479.99
JL-SBAR/BK,JL JEEP EXCLUSIVES BACK OVERHEAD SOUND SYSTEM,"Exclusive Ds18 Overhead Bar System Black For Jeeps ( 4X8"" Midranges 4X Tweeters )",,799.95,479.99
JL-SBAR/RD,JL JEEP EXCLUSIVES BACK OVERHEAD SOUND SYSTEM,"Exclusive Ds18 Overhead Bar System Red For Jeeps ( 4X8"" Midranges 4X Tweeters )",,799.95,479.99
JL-SBAR/WH,JL JEEP EXCLUSIVES BACK OVERHEAD SOUND SYSTEM,"Exclusive Ds18 Overhead Bar System White Jeeps ( 4X8"" Midranges 4X Tweeters )",,799.95,479.99
J-LOUD/BK,JEEP EXCLUSIVES REAR CAGE SOUND SYSTEM,"Exclusive Ds18 Rear Cage For Jl And Jk ( 4 X8"" Midranges 4 X Tweeters 4 X Drivers ) Black",,1299.95,749.99
J-LOUD/WH,JEEP EXCLUSIVES REAR CAGE SOUND SYSTEM,"Exclusive Ds18 Rear Cage For Jl And Jk ( 4 X8"" Midranges 4 X Tweeters 4 X Drivers ) White",,1299.95,749.99
J-LOUD/RD,JEEP EXCLUSIVES REAR CAGE SOUND SYSTEM,"Exclusive Ds18 Rear Cage For Jl And Jk ( 4 X8"" Midranges 4 X Tweeters 4 X Drivers ) Red",,1299.95,749.99
JSUB/L,JEEP EXCLUSIVES TRUNK SUBS,"Exclusive DS18 WheelWell Sub Woffer Enclosure 12"" Sealed Left Side",,369.95,214.99
JSUB/R,JEEP EXCLUSIVES TRUNK SUBS,"Exclusive DS18 WheelWell Sub Woffer Enclosure 12"" Sealed Right Side",,369.95,214.99
JSUB.2,JEEP EXCLUSIVES TRUNK SUBS,"Exclusive DS18 Down Fire Sub Woffer Enclosure 2 x 12"" Vented",,499.95,299.99
PRO-BX21N.1,PRO AUDIO SUBWOOFERS,"PRO 21"" Woofer Neo 3000 Rms 6"" Svc 1Ohm",,999.95,669.99
PRO-BX21N.2,PRO AUDIO SUBWOOFERS,"PRO 21"" Woofer Neo 3000 Rms 6"" Svc 2Ohm",,999.95,669.99
PRO-BX18N.2,PRO AUDIO SUBWOOFERS,"PRO 18"" Woofer Neo 2500 Rms 6"" Svc 2Ohm",,899.95,587.99
PRO-BX18N.2D,PRO AUDIO SUBWOOFERS,"PRO 18"" Woofer Neo 2500 Rms 6"" Dvc 2Ohm",,899.95,587.99
PRO-BX21N.1RCK,PRO AUDIO SUBWOOFERS,Recone Kit PRO-BX21N.1,,369.95,229.99
PRO-BX21N.2RCK,PRO AUDIO SUBWOOFERS,Recone Kit PRO-BX21N.2,,369.95,229.99
PRO-BX18N.2RCK,PRO AUDIO SUBWOOFERS,Recone Kit PRO-BX18N.2,,229.95,186.99
PRO-BX18X.2DRCK,PRO AUDIO SUBWOOFERS,Recone Kit PRO-BX18N.2D,,229.95,186.99
TM-SPL18.1NEO,TROUBLE MAKER SUBWOOFERS,"Troublemaker 18"" SPL Competition Subwoofer 4000 Watts Rms 3"" Dvc 1-ohm Neo Magnets",,1999.95,1299.99
TM-SPL15.1NEO,TROUBLE MAKER SUBWOOFERS,"Troublemaker 18"" SPL Competition Subwoofer 4000 Watts Rms 3"" Dvc 1-ohm Neo Magnets",,1899.95,1249.99
TM-SPL18.1NEORCK,TROUBLE MAKER SUBWOOFERS,Troublemaker Recone Kit for TM-SPL18.1NEORCK,,449.95,299.99
TM-SPL15.1NEORCK,TROUBLE MAKER SUBWOOFERS,Troublemaker Recone Kit for TM-SPL15.1NEORCK,,339.95,269.99
HOOL-X18.1D,HOOLIGAN SUBWOOFERS,"HOOLIGAN X 18"" Competition Subwoofer 4000 Watts Rms 4"" Dvc 1-ohm",,999.95,699.99
HOOL-X15.1D,HOOLIGAN SUBWOOFERS,"HOOLIGAN X 15"" Competition Subwoofer 4000 Watts Rms 4"" Dvc 1-ohm",,849.95,549.99
HOOL-X15.2D,HOOLIGAN SUBWOOFERS,"HOOLIGAN X 15"" Competition Subwoofer 4000 Watts Rms 4"" Dvc 2-ohm",,849.95,549.99
HOOL-X15.4D,HOOLIGAN SUBWOOFERS,"HOOLIGAN X 15"" Competition Subwoofer 4000 Watts Rms 4"" Dvc 4-ohm",,849.95,549.99
HOOL-X15.1DRCK,HOOLIGAN SUBWOOFERS,HOOLIGAN Recone Kit for HOOLX15.1D,,269.95,159.99
HOOL-X15.2DRCK,HOOLIGAN SUBWOOFERS,HOOLIGAN Recone Kit for HOOLX15.2D,,269.95,159.99
HOOL-X15.4DRCK,HOOLIGAN SUBWOOFERS,HOOLIGAN Recone Kit for HOOLX15.4D,,269.95,159.99
EXL-XXB12.2D,EXL SUBWOOFERS,"EXL XX Black Frame 12"" Subwoofer 4000 Watts Dvc 2-Ohms",,449.95,249.95
EXL-XXB12.4D,EXL SUBWOOFERS,"EXL XX Black Frame 12"" Subwoofer 4000 Watts Dvc 4-Ohms",,449.95,249.95
EXL-XXB15.2D,EXL SUBWOOFERS,"EXL XX Black Frame 15"" Subwoofer 4000 Watts Dvc 2-Ohms",,484.95,269.95
EXL-XXB15.4D,EXL SUBWOOFERS,"EXL XX Black Frame 15"" Subwoofer 4000 Watts Dvc 4-Ohms",,484.95,269.95
EXL-XXB12.2DRCK,EXL SUBWOOFERS,EXL Recone Kit for EXL-XXB12.2D,,229.95,129.95
EXL-XXB12.4DRCK,EXL SUBWOOFERS,EXL Recone Kit for EXL-XXB12.4D,,229.95,129.95
EXL-XXB15.2DRCK,EXL SUBWOOFERS,EXL Recone Kit for EXL-XXB15.2D,,249.95,139.95
EXL-XXB15.4DRCK,EXL SUBWOOFERS,EXL Recone Kit for EXL-XXB15.4D,,249.95,139.95
EXL-X6.2D,EXL SUBWOOFERS,"EXL Red Frame 6"" 800 Watts Subwoofer Dvc 2-Ohms",,129.95,73.99
EXL-X6.4D,EXL SUBWOOFERS,"EXL Red Frame 6"" 800 Watts Subwoofer Dvc 4-Ohms",,129.95,73.99
EXL-X8.2D,EXL SUBWOOFERS,"EXL Red Frame 8"" 1200 Watts Subwoofer Dvc 2-Ohms",,214.95,119.99
EXL-X8.4D,EXL SUBWOOFERS,"EXL Red Frame 8"" 1200 Watts Subwoofer Dvc 4-Ohms",,214.95,119.99
EXL-X10.2D,EXL SUBWOOFERS,"EXL Red Frame 10"" Subwoofer 1700 Watts Dvc 2-Ohms",,299.95,169.99
EXL-X10.4D,EXL SUBWOOFERS,"EXL Red Frame 10"" Subwoofer 1700 Watts Dvc 4-Ohms",,299.95,169.99
EXL-X12.2D,EXL SUBWOOFERS,"EXL Red Frame 12"" Subwoofer 2500 Watts Dvc 2-Ohms",,319.95,179.99
EXL-X12.4D,EXL SUBWOOFERS,"EXL Red Frame 12"" Subwoofer 2500 Watts Dvc 4-Ohms",,319.95,179.99
EXL-X15.2D,EXL SUBWOOFERS,"EXL Red Frame 15"" Subwoofer 2500 Watts Dvc 2-Ohms",,394.95,219.99
EXL-X15.4D,EXL SUBWOOFERS,"EXL Red Frame 15"" Subwoofer 2500 Watts Dvc 4-Ohms",,394.95,219.99
EXL-X12.2DRCK,EXL SUBWOOFERS,EXL Recone Kit for EXL-X12.2D,,134.95,74.99
EXL-X12.4DRCK,EXL SUBWOOFERS,EXL Recone Kit for EXL-X12.4D,,134.95,74.99
EXL-X15.2DRCK,EXL SUBWOOFERS,EXL Recone Kit for EXL-X15.2D,,154.95,86.99
EXL-X15.4DRCK,EXL SUBWOOFERS,EXL Recone Kit for EXL-X15.4D,,154.95,86.99
Z6,ELITE X,"ELITE 6"" Subwoofer 600W Watts With Carbon Fiber Dust Cap Dvc 4-ohm",,84.95,47.99
Z8,ELITE X,"ELITE 8"" Subwoofer 900W Watts With Carbon Fiber Dust Cap Dvc 4-ohm",,166.95,93.99
Z10,ELITE X,"ELITE 10"" Subwoofer 1500W Watts With Carbon Fiber Dust Cap Dvc 4-ohm",,209.95,118.99
Z12,ELITE X,"ELITE 12"" Subwoofer 1600W Watts With Carbon Fiber Dust Cap Dvc 4-ohm",,219.95,125.99
Z15,ELITE X,"ELITE 15"" Subwoofer 1800W Watts With Carbon Fiber Dust Cap Dvc 4-ohm",,249.95,139.99
Z15LE,ELITE X,"ELITE 15"" Subwoofer 2000W Watts Limited Edition Cap Dvc 4-ohm Red Basket",,249.95,139.99
Z-VX10,ELITE Z-VX,"ELITE VX 12"" Subwoofer 1400 Watts Dvc 4-ohm",,149.95,83.99
Z-VX12,ELITE Z-VX,"ELITE VX 12"" Subwoofer 1450 Watts Dvc 4-ohm",,166.95,93.99
Z-VX15,ELITE Z-VX,"ELITE VX 15"" Subwoofer 1500 Watts Dvc 4-ohm",,179.95,104.99
GEN-X104D,GEN-X,"GEN-X 10"" Subwoofer 800 Watts Dvc 4-ohm",,99.95,56.99
GEN-X124D,GEN-X,"GEN-X 12"" Subwoofer 900 Watts Dvc 4-ohm",,106.95,59.99
GEN-X154D,GEN-X,"GEN-X 15"" Subwoofer 1000 Watts Dvc 4-ohm",,124.95,69.99
SLC8S,SELECT,"SELECT 8"" Subwoofer 400 Watts Svc 4-ohm",,61.16,33.99
SLC10S,SELECT,"SELECT 10"" Subwoofer 440 Watts Svc 4-ohm",,75.56,41.99
SLC12S,SELECT,"SELECT 12"" Subwoofer 500 Watts Svc 4-ohm",,79.16,43.99
SLC-MD10,SELECT PPI CONE,"SELECT 10"" Subwoofer Ppi Cone 800 Watts Svc 4-ohm",,44.95,25.99
SLC-MD10.4D,SELECT PPI CONE,"SELECT 10"" Subwoofer Ppi Cone 800 Watts Dvc 4-ohm",,44.95,25.99
SLC-MD12,SELECT PPI CONE,"SELECT 12"" Subwoofer Ppi Cone 500 Watts Svc 4-ohm",,54.95,29.99
SLC-MD12.4D,SELECT PPI CONE,"SELECT 12"" Subwoofer Ppi Cone 500 Watts Dvc 4-ohm",,54.95,29.99
SW10S4,SHALLOW SUBWOOFERS,"Shallow Subwoofer 10"" 1000 Watts Svc 4-Ohm",,148.95,82.99
SW12S4,SHALLOW SUBWOOFERS,"Shallow Subwoofer 12"" 1200 Watts Svc 4-Ohm",,192.95,108.99
SW10D4,SHALLOW SUBWOOFERS,"Shallow Subwoofer 10"" 1000 Watts Svc 4-Ohm",,148.95,82.99
SW12D4,SHALLOW SUBWOOFERS,"Shallow Subwoofer 12"" 1200 Watts Dvc 4-Ohm",,192.95,108.99
SRW6.4,SHALLOW SUBWOOFERS,"Shallow Subwoofer 6"" 400 Watts Svc 4-Ohm",,63.95,34.99
SRW6.4D,SHALLOW SUBWOOFERS,"Shallow Subwoofer 6"" 400 Watts Dvc 4-Ohm",,63.95,36.99
SRW8.4,SHALLOW SUBWOOFERS,"Shallow Subwoofer 8"" 500 Watts Svc 4-Ohm",,79.95,44.99
SRW8.4D,SHALLOW SUBWOOFERS,"Shallow Subwoofer 8"" 500 Watts Dvc 4-Ohm",,79.95,46.99
SRW10.4,SHALLOW SUBWOOFERS,"Shallow Subwoofer 10"" 700 Watts Svc 4-Ohm",,89.95,49.99
SRW10.4D,SHALLOW SUBWOOFERS,"Shallow Subwoofer 10"" 700 Watts Dvc 4-Ohm",,89.95,51.99
SRW12.4,SHALLOW SUBWOOFERS,"Shallow Subwoofer 12"" 900 Watts Svc 4-Ohm",,94.95,51.99
SRW12.4D,SHALLOW SUBWOOFERS,"Shallow Subwoofer 12"" 900 Watts Dvc 4-Ohm",,94.95,53.99
SQBASS,UNDERSEAT AMPLIFIED SUBWOOFER,"SQ 8"" Under Seat Amplified Subwoofer 2ohm Stable",,249.95,139.99
Z-VX112LD,ELITE ZVX ENCLOSURE,"ELITE VX 12"" Subwoofer 1400W Watts Dvc 4-ohm With Ported Box",,277.95,154.99
Z-VX212LD,ELITE ZVX ENCLOSURE,"ELITE VX 2 X 12"" Subwoofer 1400W Watts Dvc 4-ohm With Ported Box",,539.95,299.99
SQ4,SOUND QUALITY PACKAGE,"SQ Complete Package (SQBASS, SQCOMP, SQCOAX & CANDY-X4W )",,969.95,539.99
SQ2,SOUND QUALITY PACKAGE,SQ Package (SQBASS & SQCOMP),,539.95,299.99
BPX110A,BASS PACKAGE BUILT IN AMP,"Bass Package 10"" Subwoofer in MDF Enclosure With Built In Amp and Installation Kit 600 Watts Loaded",,244.95,136.99
BPX210A,BASS PACKAGE BUILT IN AMP,"Bass Package 2 x 10"" Subwoofer in MDF Enclosure With Built In Amp and Installation Kit 1200 Watts Loaded",,339.95,189.99
BPX112A,BASS PACKAGE BUILT IN AMP,"Bass Package 12"" Subwoofer in MDF Enclosure With Built In Amp and Installation Kit 650 Watts Loaded",,277.95,154.99
BPX212A,BASS PACKAGE BUILT IN AMP,"Bass Package 2 x 12"" Subwoofer in MDF Enclosure With Built In Amp and Installation Kit 1300 Watts Loaded",,389.95,217.99
BP110,BASS PACKAGE,"Bass Package 10"" Subwoofer in MDF Enclosure With Amplifier and Installation Kit 600 Watts Loaded",,269.95,154.99
BP210,BASS PACKAGE,"Bass Package 2 x 10"" Subwoofer in MDF Enclosure With Amplifier and Installation Kit 1200 Watts Loaded",,339.95,189.99
BP112,BASS PACKAGE,"Bass Package 12"" Subwoofer in MDF Enclosure With Amplifier and Installation Kit 650 Watts Loaded",,304.95,169.99
BP212,BASS PACKAGE,"Bass Package 2 x 12"" Subwoofer in MDF Enclosure With Amplifier and Installation Kit 1300 Watts Loaded",,369.95,209.99
HOOL-SPL3.5K,SPL AMPLIFIERS MADE IN KOREA,Hooligan Spl Series 3500 Rms Mono Amplifier Made In Korea,,749.95,469.99
HOOL-SPL5K,SPL AMPLIFIERS MADE IN KOREA,Hooligan Spl Series 5000 Rms Mono Amplifier Made In Korea,,999.95,639.99
HOOL-SPLX,SPL AMPLIFIERS MADE IN KOREA,Hooligan Spl Series 7500 Rms @ 12.4volt Mono Amplifier Made In Korea,,2499.95,1599.99
HOOL-SPLXV,SPL AMPLIFIERS MADE IN KOREA,Hooligan Spl Series 10000 Rms @ 12.4volt Mono Amplifie Made In Korea,,3999.95,2499.99
FRX1K,FULL RANGE AMPLIFIERS,PRO Full Range Class D Monoblock Amplifier 1000 Watts Rms 1-ohm,,214.95,119.99
FRX2K,FULL RANGE AMPLIFIERS,PRO Full Range Class D Monoblock Amplifier 2000 Watts Rms 1-ohm,,309.95,172.99
FRX2.5K,FULL RANGE AMPLIFIERS,PRO Full Range Class D Monoblock Amplifier 2500 Watts Rms 1-ohm,,379.95,212.99
FRX3.5K,FULL RANGE AMPLIFIERS,PRO Full Range Class D Monoblock Amplifier 3500 Watts Rms 1-ohm,,449.95,249.99
FRX4K4,FULL RANGE AMPLIFIERS,PRO Full Range Class D 4 Channel Amplifier 1000 Watts Rms x 4 ( 4000 rms ) @ 1-ohm,,849.95,469.99
EXL-SQ160.2,EXL SOUND QUALITY,EXL Full Range Class D 2 Channel Amplifier 320 Watts,,199.95,114.99
EXL-SQ300.2,EXL SOUND QUALITY,EXL Full Range Class D 2 Channel Amplifier 600 Watts,,249.95,142.99
EXL-SQ600.2,EXL SOUND QUALITY,EXL Full Range Class D 2 Channel Amplifier 1200 Watts,,359.95,199.99
EXL-SQ1200.2,EXL SOUND QUALITY,EXL Full Range Class D 2 Channel Amplifier 2400 Watts,,479.95,269.99
EXL-SQ320.4,EXL SOUND QUALITY,EXL Full Range Class D 4 Channel Amplifier 640 Watts,,279.95,159.99
EXL-SQ600.4,EXL SOUND QUALITY,EXL Full Range Class D 4 Channel Amplifier 1200 Watts,,359.95,199.99
EXL-SQ1000.4,EXL SOUND QUALITY,EXL Full Range Class D 4 Channel Amplifier 2000 Watts,,479.95,269.99
EXL-SQ600.1D,EXL SOUND QUALITY,EXL Class D Monoblock Amplifier 1200 Watts,,259.95,144.99
EXL-SQ1000.1D,EXL SOUND QUALITY,EXL Class D Monoblock Amplifier 2000 Watts,,329.95,184.99
EXL-SQ1600.1D,EXL SOUND QUALITY,EXL Class D Monoblock Amplifier 3200 Watts,,449.95,249.99
EXL-SQ3000.1D,EXL SOUND QUALITY,EXL Class D Monoblock Amplifier 6000 Watts,,899.95,544.99
Z-3K2,ELITE,ELITE Full Range Class Ab 2 Channel Amplifier 3000 Watts,,219.95,123.99
Z-3K4,ELITE,ELITE Full Range Class Ab 4 Channel Amplifier 3000 Watts,,349.95,194.99
Z-3K1D,ELITE,ELITE Class D Monoblock Amplifier 3000 Watts,,259.95,144.99
Z-6K1D,ELITE,ELITE Class D Monoblock Amplifier 6000 Watts,,439.95,244.99
GEN-X800.2,GEN-X,GEN-x Full Range Class Ab 2 Channel Amplifier 800 Watts,,134.95,74.99
GEN-X1200.2,GEN-X,GEN-x Full Range Class Ab 2 Channel Amplifier 1200 Watts,,174.95,95.99
GEN-X2000.2,GEN-X,GEN-x Full Range Class Ab 2 Channel Amplifier 2000 Watts,,199.95,114.99
GEN-X900.4,GEN-X,GEN-x Full Range Class Ab 4 Channel Amplifier 900 Watts,,166.95,92.99
GEN-X1600.4,GEN-X,GEN-x Full Range Class Ab 4 Channel Amplifier 1600 Watts,,179.95,98.99
GEN-X2000.4,GEN-X,GEN-x Full Range Class Ab 4 Channel Amplifier 2000 Watts,,249.95,139.99
GEN-X3700.4,GEN-X,GEN-x Full Range Class Ab 4 Channel Amplifier 3700 Watts,,299.95,166.99
GEN-X1200.1,GEN-X,GEN-x Monoblock Amplifier 1200 Watts,,159.95,89.99
GEN-X1800.1D,GEN-X,GEN-x Class D Monoblock Amplifier 1800 Watts,,196.95,109.99
GEN-X3000.1D,GEN-X,GEN-x Class D Monoblock Amplifier 3000 Watts,,249.95,139.99
GEN-X4500.1D,GEN-X,GEN-x Class D Monoblock Amplifier 4500 Watts,,299.95,168.99
GEN-X6000.1D,GEN-X,GEN-x Class D Monoblock Amplifier 6000 Watts,,389.95,217.99
SLC-X1150.2,SELECT,SELECT Full Range Class Ab 2 Channel Amplifier 1150 Watts,,99.95,59.99
SLC-X1650.2,SELECT,SELECT Full Range Class Ab 2 Channel Amplifier 1650 Watts,,129.95,73.99
SLC-X1050.4,SELECT,SELECT Full Range Class Ab 4 Channel Amplifier 1050 Watts,,149.95,86.99
SLC-X1850.4,SELECT,SELECT Full Range Class Ab 4 Channel Amplifier 1850 Watts,,174.95,99.99
SLC-X1550.1D,SELECT,SELECT Class D Monoblock Amplifier 1500 Watts,,149.95,86.99
SLC-X2250.1D,SELECT,SELECT Class D Monoblock Amplifier 2250 Watts,,188.95,109.99
SLC-X3050.1D,SELECT,SELECT Class D Monoblock Amplifier 3050 Watts,,199.95,123.99
CANDY-X1B,CANDY AMPLIFIERS,CANDY Compact Class D Monoblock Amplifier 1800 Watts Black,,179.95,104.99
CANDY-XXL1B,CANDY AMPLIFIERS,CANDY Compact Class D Monoblock Amplifier 3000 Watts Black,,244.95,136.99
CANDY-X2B,CANDY AMPLIFIERS,CANDY Compact Full Range Class D 2 Channel Amplifier 800 Watts Black,,124.95,68.99
CANDY-X4B,CANDY AMPLIFIERS,CANDY Compact Full Range Class D 4 Channel Amplifier 1600 Watts Black,,189.95,104.99
CANDY-X5B,CANDY AMPLIFIERS,CANDY Compact Full Range Class D 5 Channel Amplifier 2000 Watts Black,,274.95,154.99
CANDY-6,CANDY AMPLIFIERS,CANDY Compact Full Range Class D 6 Channel Amplifier 80x6 Watts Rms,,319.95,179.99
ATOM1,CANDY AMPLIFIERS,ATOM Nano 1 Channel Amplifier 650 Watts Rms,,229.95,129.99
ATOM2,CANDY AMPLIFIERS,ATOM Nano 2 Channel Amplifier 400 Watts Rms,,229.95,129.99
ATOM4,CANDY AMPLIFIERS,ATOM Nano 4 Channel Amplifier 500 Watts Rms,,229.95,129.99
CANDY-MICRO2,CANDY AMPLIFIERS,CANDY Micro Full Range Class D 2 Channel Amplifier 65x2 Watts Rms With Aux Input,,94.95,51.99
CANDY-MICRO4,CANDY AMPLIFIERS,CANDY Micro Full Range Class D 4 Channel Amplifier 60x4 Watts Rms With Aux Input,,139.95,79.99
DSP-54SQ,PROCESSORS,"Digital Sound Processors ( DSP) 5 Channel Input, 4 Channel Stereo Digital Output With Bt Phone And Computer Contro",,469.95,264.99
DSP-16LCD,PROCESSORS,"Digital Sound Processors ( DSP) 1 Ch Stereo Input, 4 Channel Stereo Digital Output + 2 CH Stereo Annalog Output with LCD screen",,329.95,183.99
DSP-14LCD,PROCESSORS,"Digital Sound Processors ( DSP) 1 Channel Stereo Input, 4 Channel Stereo Digital Output with LCD screen",,269.95,149.99
MDSP-14LCD,PROCESSORS,"Marine Digital Sound Processors ( DSP) 1 Channel Stereo Input, 4 Channel Stereo Digital Output with LCD screen",,289.95,162.99
KEQ30,PROCESSORS,Equalizer 30 Bands..,,249.95,139.99
KEQ20,PROCESSORS,Equalizer 20 Band with 6 Channel Line Driver & Remote Subwoofer Control,,259.95,146.99
KEQ7,PROCESSORS,Equalizer 7 Bands With Front Aux,,79.95,46.49
KEQ4LD,PROCESSORS,Equalizer 4 Band & 2-Way Crossover with High-Voltage Line Driver,,89.95,51.99
KEQ5,PROCESSORS,Equalizer 5 Bands,,44.95,24.49
XM6LD,PROCESSORS,Crossover Active 6-Way,,214.95,119.99
XM3,PROCESSORS,Crossover Active 3 WAY,,76.95,43.99
DBP-1,PROCESSORS,Digital Bass Processor,,79.95,44.99
PRO-CFX+E289A290:D302A291:D30A290:F302,PROCESSORS,Crossover Passive 2-WAY Pair,,39.95,22.99
BT-TWO,PROCESSORS,Bluetooth Streaming Audio Receiver / Works with Smart Phones,,44.95,25.99
LED-BTC,PROCESSORS,VISION LED Bluetooth Control (Works With Android and iPhone),,59.95,33.99
LED-BTCD,PROCESSORS,VISION DREAM Chasing LED Bluetooth Control (Works With Android and iPhone),,71.95,39.99
V2HL,PROCESSORS,Hi/Lo Converter 2-Channel,,17.95,9.99
V4HL,PROCESSORS,Hi/Lo Converter 4-Channel,,49.95,28.49
V5HL,PROCESSORS,Hi/Lo Converter 5-Channel,,54.95,30.99
V6HLPRO,PROCESSORS,Hi/Lo Converter 6-Channel,,149.95,84.99
VMSE,PROCESSORS,Hi/Lo voltmeter with remote out sequencer....,,64.95,36.99
NF2,PROCESSORS,Noise Filter,,17.95,9.99
NF1,PROCESSORS,Noise Filter,,12.45,5.99
3AVS,PROCESSORS,3 Amp Volt Stabilizer,,27.95,15.99
FAN8,PROCESSORS,"Crossflow Fan 8""",,32.95,17.99
LBC8,PROCESSORS,DS18 Badge with RGB Lights,,29.95,16.99
LBC6VAM,PROCESSORS,DS18 Badge with RGB Lights And Volt/Current Meter,,69.95,39.99
BKVR,PROCESSORS,Universal Bass Knob With Volt Meter,,49.95,27.99
VMU2.R,PROCESSORS,Voltmete With Dual Usb Port / Red,,31.95,17.99
VMU2.BK,PROCESSORS,Voltmete With Dual Usb Port / Black,,31.95,17.99
SQTW,TWEETERS,"SQ 1.1"" Silk Dome Tweeter 120 Watts / Pair",,84.95,47.99
TW2.5,TWEETERS,"1"" Aluminium Silk Dome Tweeter 100 Watts / Pair",,49.95,29.99
TWC,TWEETERS,"1"" Silk Dome Tweeter Neo Magnet / Pair",,32.95,18.49
TX1R,TWEETERS,"1.38"" Pei Dome Tweeter 200 Watts / Pair",,15.95,8.49
TX1S,TWEETERS,"1.38"" Pei Dome Tweeter 200 Watts / Pair",,15.95,8.49
TWPZ,TWEETERS,Piezo Super Tweeter 80 Watts / Pair,,7.95,1.79
PRO-TW7L,PRO TWEETERS,"PRO 1"" High Compression Neodymium Super Bullet Tweeter 450 Watts Clear RGB LED Light",,64.95,36.99
PRO-TW5L,PRO TWEETERS,"PRO 1.5"" Super Bullet Tweeter 500 Watts Clear RGB LED Light",,34.95,19.99
PRO-TW4L,PRO TWEETERS,"Pro 1.75"" Bullet Tweeter 600 Watts Clear RGB LED Light",,49.95,27.99
PRO-TW3L,PRO TWEETERS,"PRO 1.5"" Super Bullet Tweeter 500 Watts Clear RGB LED Light",,43.95,24.99
PRO-TW2L,PRO TWEETERS,"PRO 1"" Super Bullet Tweeter 350 Watts Clear RGB LED Light",,43.95,24.99
PRO-TW1L,PRO TWEETERS,"PRO 1"" Super Bullet Tweeter 300 Watts Clear RGB LED Light",,33.95,18.99
PRO-TWN3,PRO TWEETERS,"PRO 1.25 "" Titanium High Compression Neodymium Super Bullet Tweeter 300 Watts",,61.95,34.99
PRO-TWN2,PRO TWEETERS,"PRO 1"" Phelonic High Compression Neodymium Driver/Tweeter 200 Watts",,59.95,33.99
PRO-TWN1,PRO TWEETERS,"PRO 1"" Titanium High Compression Neodymium Slim Super Bullet Tweeter 150 Watts",,34.95,19.99
PRO-TW920,PRO TWEETERS,"PRO 1.4"" Aluminium High Compression Neodymium Super Bullet Tweeter 400 Watts.",,61.95,34.95
PRO-TW820,PRO TWEETERS,"PRO 1"" Aluminium High Compression Neodymium Super Bullet Tweeter 200 Watts",,52.95,29.95
PRO-TW710,PRO TWEETERS,"PRO 1"" Titanium High Compression Neodymium Super Bullet Tweeter 150 Watts",,44.95,25.95
PRO-TW510,PRO TWEETERS,"PRO 1.5"" Super Bullet Hellip Tweeter 500 Watts Single",,39.95,22.99
PRO-TW420,PRO TWEETERS,"PRO 1.75"" Super Bullet Tweeter 550 Watts Single",,40.95,23.49
PRO-TW320,PRO TWEETERS,"PRO 1.5"" Super Bullet Tweeter 500 Watts Single",,39.95,22.99
PRO-TW220,PRO TWEETERS,"PRO 1"" Super Bullet Tweeter 350 Watts Pair",,36.95,21.49
PRO-TW120,PRO TWEETERS,"PRO 1"" Super Bullet Twitter 300 Watts Pair",,26.95,15.49
PRO-TW120B,PRO TWEETERS,"PRO 1"" Super Bullet Tweeter 300 Watts Pair",,26.95,15.49
PRO-TWR3,PRO TWEETERS,"PRO 3"" Adapter Abs Ring For Tweeters Perfect For Jeeps And Others Pair",,16.95,5.99
PRO-TWRING,PRO TWEETERS,"PRO Ring For PRO-TW120 And TW120B Available In Red, White, Silver And Black Pair",,5.95,2.99
PRO-DKH4,PRO DRIVERS KITS,"PRO 4"" Titanium Compression Driver With Horn 800 Watts",,699.95,399.99
PRO-DKH2,PRO DRIVERS KITS,"PRO 3"" Titanium Compression Driver With Horn 1200 Watts",,169.95,99.99
PRO-DKH1,PRO DRIVERS KITS,"PRO 2"" Titanium Compression Driver With Horn 1000 Watts",,99.95,59.99
PRO-DKHCL,PRO DRIVERS KITS,"PRO 1.75"" RGB Titanium Compression Driver With Horn And Crossover 700 Watts 4-ohm",,99.95,59.99
PRO-DKN25,PRO DRIVERS KITS,"PRO 1"" Neodymium Driver With Horn 120 Watts",,24.95,13.99
PRO-DRNEO,NEO DRIVERS,"PRO 3"" Neodymium Driver 800 Watts",,449.95,259.99
PRO-DRN3,NEO DRIVERS,"PRO 3"" Neodymium Driver 600 Watts",,279.95,159.99
PRO-DRN2,NEO DRIVERS,"PRO 2"" Neodymium Driver 400 Watts",,184.95,109.95
PRO-DRN1,NEO DRIVERS,"PRO 1.75"" Neodymium Driver 300 Watts ( PRO-WGH1BK Horn Recommended )",,144.95,83.99
PRO-DRNSC,NEO DRIVERS,"PRO 1"" NEodymium Driver SCREW IN 200 Watts..",,49.95,29.99
PRO-D3,FERRITE DRIVERS BOLT ON,"PRO 4"" Phenolic Compression Driver 600 Watts ( PRO-HA300A Recommended )",,229.95,129.99
PRO-D1,FERRITE DRIVERS BOLT ON,"PRO 2"" Titanium Compression Driver 1000 Watts",,69.95,39.99
PRO-D1F,FERRITE DRIVERS BOLT ON,"PRO 2"" Phenolic Compression Driver 1000 Watts",,69.95,39.99
PRO-DR550,FERRITE DRIVERS SCREW ON,"PRO 2"" Titanium Compression Driver 800 Watts",,47.95,26.99
PRO-DR450,FERRITE DRIVERS SCREW ON,"PRO 1.75"" Titanium Compression Driver 600 Watts",,38.95,21.99
PRO-DR350,FERRITE DRIVERS SCREW ON,"PRO 1.35"" Titanium Compression Driver 400 Watts",,32.95,17.99
PRO-DR250TI,FERRITE DRIVERS SCREW ON,"PRO 2"" Titanium Compression Driver 300 Watts",,34.95,18.99
PRO-DR250,FERRITE DRIVERS SCREW ON,"PRO 2"" Phenolic Compression Driver 300 Watts",,34.95,18.99
PRO-DR150,FERRITE DRIVERS SCREW ON,"PRO Compression Driver 150 Watts 1.5""",,19.95,10.99
PRO-DR100,FERRITE DRIVERS SCREW ON,"PRO 1"" Titanium Compression Driver 60 Watts",,15.95,7.99
PRO-WGH1BK,PRO HORN BOLT ON,"PRO Bolt On Wave Guide 1"" Black (PRO-DRN1 Recommended )",,27.95,15.99
PRO-HA50,PRO HORN BOLT ON,"PRO Bolt On 2"" 100° 2.6"" Depth Aluminium Horn Black",,22.95,12.99
PRO-HA50RD,PRO HORN BOLT ON,"PRO Bolt On 2"" 100° 2.6"" Depth Aluminium Horn Red",,24.95,13.99
PRO-HA50CL,PRO HORN BOLT ON,"PRO Bolt On 2"" 100° 2.6"" Depth Aluminium Horn Clear RGB LED Light",,33.95,18.99
PRO-HA100 BLACK,PRO HORN BOLT ON,"PRO Bolt On 2"" 100° 4.84"" Depth Aluminium Horn Black",,29.95,16.99
PRO-HA100 COLORS,PRO HORN BOLT ON,"PRO Bolt On 2"" 100° 4.84"" Depth Aluminium Horn White, Gray, Red, Yellow, Blue , Green, Silver",,33.95,18.99
PRO-HA100CL,PRO HORN BOLT ON,"PRO Bolt On 2"" 100° 4.84"" Depth Aluminium Horn Clear RGB LED Light",,34.95,19.99
PRO-HA200A/RD,PRO HORN BOLT ON,"PRO Bolt On 2"" 90° 11"" Depth Aluminium Horn Red",,133.95,74.99
PRO-HA200A,PRO HORN BOLT ON,"PRO Bolt On 2"" 90° 11"" Depth Aluminium Horn",,133.95,74.99
PRO-HA300A,PRO HORN BOLT ON,"PRO Bolt On 2"" 100° 4.84"" Depth Aluminium Horn Red ( PRO-D3 Recommended )",,79.95,44.99
PRO-HPR,PRO HORN BOLT ON,"PRO Horn Bolt On 2"" No Holes No Paint Raw",,17.95,9.99
PRO-HPR/BK,PRO HORN BOLT ON,"PRO Horn Bolt On 2"" No Holes Black",,27.95,15.99
PRO-HPR/COLOR,PRO HORN BOLT ON,"PRO Horn Bolt On 2"" No Holes Available In Red , Gold , Silver",,27.95,15.99
PRO-HPC/CL,PRO HORN BOLT ON,"PRO Horn Bolt On 2"" No Holes Clear With RGB LED Lights",,33.95,18.99
PRO-H44 BLACK,PRO HORN SCREW ON,"PRO Twist On 1"" 45x45° 2.68"" Depth Plastic Horn Black",,5.95,2.79
PRO-H44 COLORS,PRO HORN SCREW ON,"PRO Twist On 1"" 45x45° 2.68"" Depth Plastic Horn White, Gray, Red, Yellow, Blue , Green, Silver",,7.95,3.99
PRO-H44CL,PRO HORN SCREW ON,"PRO Twist On 1"" 45x45° 2.68"" Depth Plastic Horn Clear RGB LED Light",,23.95,11.99
PRO-HELLIP BLACK,PRO HORN SCREW ON,"PRO Twist On 1"" 45x30° 2.17"" Depth Plastic Horn Black",,5.95,1.99
PRO-HELLIP COLORS,PRO HORN SCREW ON,"PRO Twist On 1"" 45x30° 2.17"" Depth Plastic Horn White, Gray, Red, Yellow, Blue , Green, Silver",,6.95,3.49
PRO-H110 BLACK,PRO HORN SCREW ON,"PRO Twist On 1"" 110° 6.14"" Depth Plastic Horn Black",,9.95,4.99
PRO-H110 COLORS,PRO HORN SCREW ON,"PRO Twist On 1"" 110° 6.14"" Depth Plastic Horn White, Gray, Red, Yellow, Blue , Green, Silver",,12.95,6.49
PRO-H110CL,PRO HORN SCREW ON,"PRO Twist On 1"" 110° 6.14"" Depth Plastic Horn Clear RGB LED Light",,33.95,16.99
PRO-SDF6,LOUDSPEAKER DIFFUSER,"PRO Mid diffuser for Extreme loud Sound 6"" Black",,34.95,19.99
PRO-SDF6RGB,LOUDSPEAKER DIFFUSER,"PRO Mid diffuser for Extreme loud Sound 6"" Clear RGB LED Dream Lights",,64.95,36.99
PRO-SDF8,LOUDSPEAKER DIFFUSER,"PRO Mid diffuser for Extreme loud Sound 8"" Black",,46.95,26.99
PRO-SDF8RGB,LOUDSPEAKER DIFFUSER,"PRO Mid diffuser for Extreme loud Sound 8"" Clear RGB LED Dream Lights",,84.95,47.99
PRO-SDF10,LOUDSPEAKER DIFFUSER,"PRO Mid diffuser for Extreme loud Sound 10"" Black",,59.95,34.99
PRO-SDF10RGB,LOUDSPEAKER DIFFUSER,"PRO Mid diffuser for Extreme loud Sound 10"" Clear RGB LED Dream Lights",,99.95,59.99
PRO-GRILL6BLACK,MID AND SUBS GRILLS,"PRO Universal 6"" Speaker Grill Cover - Black/ Pair",,14.95,8.49
PRO-GRILL6 COLORS,MID AND SUBS GRILLS,"PRO Universal 6"" Speaker Grill Cover - Blue, Silver, White, Green, Red, Yellow / Pair",,19.95,11.49
PRO-GRILL6RGB,MID AND SUBS GRILLS,"PRO Universal 6"" Speaker Grill Cover - With Rgb Lights",,51.95,29.99
PRO-GRILL8BLACK,MID AND SUBS GRILLS,"PRO Universal 8"" Speaker Grill Cover - Black/ Pair",,18.95,10.49
PRO-GRILL8 COLORS,MID AND SUBS GRILLS,"PRO Universal 8"" Speaker Grill Cover- Blue, Silver, White, Green, Red, Yellow / Pair",,22.95,12.99
PRO-GRILL8RGB,MID AND SUBS GRILLS,"PRO Universal 8"" Speaker Grill Cover - With Rgb Lights",,61.95,35.99
PRO-GRILL10BLACK,MID AND SUBS GRILLS,"PRO Universal 10"" Speaker Grill Cover - Black/ Pair",,34.95,19.99
PRO-GRILL10 COLORS,MID AND SUBS GRILLS,"PRO Universal 10"" Speaker Grill Cover- Blue, Silver, White, Green, Red, Yellow / Pair",,39.95,22.99
PRO-GRILL10RGB,MID AND SUBS GRILLS,"PRO Universal 10"" Speaker Grill Cover - With Rgb Lights",,69.95,39.99
PRO-GRILL6MTL,MID AND SUBS GRILLS,"PRO Universal 6"" Speaker Metal Grill Cover With Led",,46.95,26.99
PRO-GRILL8MTL,MID AND SUBS GRILLS,"PRO Universal 6"" Speaker Metal Grill Cover With Led",,58.95,33.99
PRO-GRILL10MTL,MID AND SUBS GRILLS,"PRO Universal 6"" Speaker Metal Grill Cover With Led",,72.95,41.99
PRO-GTW6RD,MID GRILLS with Tweeter built in,"PRO Grill With Built In Neo Bullet Tweeter And Rgb Lights 6"" Red /Single",,69.95,39.99
PRO-GTW8RD,MID GRILLS with Tweeter built in,"PRO Grill With Built In Neo Bullet Tweeter And Rgb Lights 8"" Red /Single",,79.95,44.99
PRO-GTW10RD,MID GRILLS with Tweeter built in,"PRO Grill With Built In Neo Bullet Tweeter And Rgb Lights 10"" Red /Single",,83.95,46.99
PRO-GTW6BK,MID GRILLS with Tweeter built in,"PRO Grill With Built In Neo Bullet Tweeter And Rgb Lights 6"" Black /Single",,69.95,39.99
PRO-GTW8BK,MID GRILLS with Tweeter built in,"PRO Grill With Built In Neo Bullet Tweeter And Rgb Lights 8"" Black /Single",,79.95,44.99
PRO-GTW10BK,MID GRILLS with Tweeter built in,"PRO Grill With Built In Neo Bullet Tweeter And Rgb Lights 10"" Black /Single",,83.95,46.99
LRING6,SPEAKER AND SUBS RGB RINGS,"Vision 6"" Rbg LED Ring For Mids and Subs",,23.95,13.29
LRING8,SPEAKER AND SUBS RGB RINGS,"Vision 8"" Rbg LED Ring For Mids and Subs",,26.95,15.49
LRING10,SPEAKER AND SUBS RGB RINGS,"Vision 10"" Rbg LED Ring For Mids and Subs",,31.95,18.49
LRING12,SPEAKER AND SUBS RGB RINGS,"Vision 12"" Rbg LED Ring For Mids and Subs",,39.95,22.49
LRING15,SPEAKER AND SUBS RGB RINGS,"Vision 15"" Rbg LED Ring For Mids and Subs",,46.95,26.99
PRO-TW82OVC,TWEETERS REPLACEMENT DIAPHRAGM,"PRO Replacement Diaphragm For PRO-TW820 And Universal 1"" VCL",,9.95,5.69
PRO-TW710VC,TWEETERS REPLACEMENT DIAPHRAGM,"PRO Replacement Diaphragm For PRO-TW710 And Universal 1"" VCL",,7.95,3.29
PRO-TW510VC,TWEETERS REPLACEMENT DIAPHRAGM,"PRO Replacement Diaphragm For PRO-TW510 And Universal 1.5"" VCL",,9.95,5.69
PRO-TW420VC,TWEETERS REPLACEMENT DIAPHRAGM,"PRO Replacement Diaphragm For PRO-TW420 And Universal 1.75"" VCL",,9.95,5.69
PRO-TW320VC,TWEETERS REPLACEMENT DIAPHRAGM,"PRO Replacement Diaphragm For PRO-TW320 And Universal 1.5"" VCL",,9.95,5.69
PRO-TW220VC,TWEETERS REPLACEMENT DIAPHRAGM,"PRO Replacement Diaphragm For PRO-TW220 And Universal 1"" VCL",,9.95,3.09
PRO-TW120VC,TWEETERS REPLACEMENT DIAPHRAGM,"PRO Replacement Diaphragm For PRO-TW120 And Universal 1"" VCL",,6.95,1.69
PRO-DRNEOVC,DRIVERS REPLACEMENT DIAPHRAGM,"PRO Replacement Diaphragm For PRO-DRNEO And Universal 3"" VCL",,79.95,46.39
PRO-DRN3VC,DRIVERS REPLACEMENT DIAPHRAGM,"PRO Replacement Diaphragm For PRO-DRN3VC And Universal 3"" VCL",,79.95,46.39
PRO-DRN1VC,DRIVERS REPLACEMENT DIAPHRAGM,"PRO Replacement Diaphragm For PRO-DRN1 And Universal 1"" VCL",,24.95,13.99
PRO-D4VC,DRIVERS REPLACEMENT DIAPHRAGM,"PRO Replacement Diaphragm For PRO-D4 And Universal 4"" VCL",,89.95,49.99
PRO-D3FVC,DRIVERS REPLACEMENT DIAPHRAGM,"PRO Replacement Diaphragm Phelonic For PRO-D3 And Universal 4"" VCL",,46.95,26.99
PRO-D2VC,DRIVERS REPLACEMENT DIAPHRAGM,"PRO Replacement Diaphragm For PRO-D2 And Universal 3"" VCL",,39.95,22.99
PRO-D1VC,DRIVERS REPLACEMENT DIAPHRAGM,"PRO Replacement Diaphragm For PRO-D1 And Universal 2"" VCL",,25.95,14.99
PRO-D1FVC,DRIVERS REPLACEMENT DIAPHRAGM,"PRO Replacement Diaphragm For PRO-D1F And Universal 2"" VCL",,25.95,14.99
PRO-DKN25VC,DRIVERS REPLACEMENT DIAPHRAGM,"PRO Replacement Diaphragm For PRO-DKN25VC And Universal 1"" VCL",,9.95,2.29
PRO-DR550VC,DRIVERS REPLACEMENT DIAPHRAGM,"PRO Replacement Diaphragm For PRO-D550 And Universal 2"" VCL",,24.95,13.99
PRO-DR450VC,DRIVERS REPLACEMENT DIAPHRAGM,"PRO Replacement Diaphragm For PRO-D450 And Universal 1.75"" VCL",,16.95,9.99
PRO-DR350VC,DRIVERS REPLACEMENT DIAPHRAGM,"PRO Replacement Diaphragm For PRO-D350 And Universal 1.35"" VCL",,15.95,8.89
PRO-DR250TIVC,DRIVERS REPLACEMENT DIAPHRAGM,"PRO Replacement Diaphragm For PRO-D250TI And Universal 2"" VCL",,9.95,3.79
PRO-DR250VC,DRIVERS REPLACEMENT DIAPHRAGM,"PRO Replacement Diaphragm For PRO-D250 And Universal 2"" VCL",,9.95,3.79
PRO-DR150VC,DRIVERS REPLACEMENT DIAPHRAGM,"PRO Replacement Diaphragm For PRO-D150 And Universal 1.5"" VCL",,9.95,2.79
PRO-DR100VC,DRIVERS REPLACEMENT DIAPHRAGM,"Pro Replacement Diaphragm 1"" universal",,9.95,2.19
FH4W,ANL FUSE HOLDERS,4 Way Anl Fuse Holder With LED Lights,,62.95,37.99
FH2W,ANL FUSE HOLDERS,2 Way Anl Fuse Holder With LED Lights,,52.95,32.99
FHSANL,ANL FUSE HOLDERS,Square ANL Fuse Holder,,9.95,5.99
FHSANL200A,ANL FUSE HOLDERS,Square ANL Fuse Holder with 200A Fuse,,11.95,6.59
FHSANL1014DIG,ANL FUSE HOLDERS,ANL Fuse Holder with Built in Volt Meter,,32.95,18.49
FHRANL,ANL FUSE HOLDERS,Round ANL Fuse Holder,,13.95,7.99
FHRANL250A,ANL FUSE HOLDERS,Round ANL Fuse Holder with 250A Fuse,,14.95,8.49
FHAFS-150A,AFS MINI ANL FUSE HOLDERS,AFS Mini ANL Fuse Holder 4/8GA In - 4/8GA Out with 150A Fuse,,6.95,2.79
FHAFSDIG-120A,AFS MINI ANL FUSE HOLDERS,AFS Mini ANL Fuse Holder 2/4GA In - 2/4GA Out with Voltmeter and 120A Fuse,,21.95,12.99
FHSAGU,AGU FUSE HOLDERS,AGU Fuse Holder,,4.95,1.89
FHSAGU80A,AGU FUSE HOLDERS,AGU Fuse Holder with 80A Fuse,,6.95,1.99
FHDB3ANL-150A,ANL DISTRIBUTION BLOCK AND FUSE HOLDERS,ANL Distribution 1X0GA In- 3X4GA Out With 3 X 150A Fuse,,28.95,16.99
FDG1024ANLDIG,ANL DISTRIBUTION BLOCK AND FUSE HOLDERS,ANL Fuse Holder and Distribution Block 1 x 0/4GA In - 2 x 4/8GA Out with Built in Voltmeter,,39.95,22.99
FDG1224AFS-80A,AFS MINI ANL DISTRIBUTION BLOCK AND FUSE HOLDERS,ANL Fuse Holder and Distribution Block 1 x 0/4GA In - 2 x 4/8GA Out with Built in Voltmeter,,28.95,16.99
FD1024/28AFS-60A,AFS MINI ANL DISTRIBUTION BLOCK AND FUSE HOLDERS,AFS Mini ANL Fuse Holder and Distribution Block 1x0GA 2x4GA In - 2x8GA Out with 60A Fuses,,9.95,5.49
FD1024/38AFS-60A,AFS MINI ANL DISTRIBUTION BLOCK AND FUSE HOLDERS,AFS Mini ANL Fuse Holder and Distribution Block 1x0GA 2x4GA In - 3x8GA Out with 60A Fuses,,12.95,7.49
FD1024/48AFS-60A,AFS MINI ANL DISTRIBUTION BLOCK AND FUSE HOLDERS,AFS Mini ANL Fuse Holder and Distribution Block 1x0GA 2x4GA In - 4x8GA Out with 60A Fuses,,16.95,9.49
DB1020,DISTRIBUTION BLOCK,Distribution Block 1X0GA In/2X0GA Out,,9.95,4.99
DB1030,DISTRIBUTION BLOCK,Distribution Block 1X0GA In/3X0GA Out,,15.95,7.69
DB1024,DISTRIBUTION BLOCK,Distribution Block 1X0GA In/2X4GA Out,,9.95,3.79
DB1034,DISTRIBUTION BLOCK,Distribution Block 1X0GA In/3X4GA Out,,13.95,5.69
DB1448,DISTRIBUTION BLOCK,Distribution Block 1X4GA In/4X8GA Out,,9.95,4.19
DPIV1/0,DISTRIBUTION BLOCK AND BATTERT TERMINALS,Dual 1/0 GA to 1/0 GA Amp Input Reducers with Offset Stub,,31.46,17.99
SB2-PN,DISTRIBUTION BLOCK AND BATTERT TERMINALS,Ultra conductive Battery/Ground Screw Type Terminal 2 x 1/0ga and 1 x 2/0ga Bolt on Holes (single ),,36.95,21.99
SB1-PN,DISTRIBUTION BLOCK AND BATTERT TERMINALS,Ultra conductive Battery/Ground Screw Type Terminal 4 x 4/0ga and 2 x 6/0ga Bolt on Holes (single ),,79.95,45.49
B1 (B1-P/B1-N),DISTRIBUTION BLOCK AND BATTERT TERMINALS,Crome Plated Battery Standart Post Type Terminal 4 x 4/0ga And 2 x 6/0ga Bolt On Holes 1 x Possitive 1 x Negative ( Pair ),,168.95,95.49
DBAR-3,DISTRIBUTION BLOCK AND BATTERT TERMINALS,"Crome Plated Distribution Bar Block 3x 1/0ga and 15 x 2/0ga Screw Down Type 20"" Long",,128.95,73.49
DBAR-2,DISTRIBUTION BLOCK AND BATTERT TERMINALS,"Crome Plated Distribution Bar Block 3x 1/0ga and 15 x 2/0ga Direct Bolt Down Type 19"" Long",,174.95,105.99
DBAR-1,DISTRIBUTION BLOCK AND BATTERT TERMINALS,"Crome Plated Distribution Bar Block 1x 1/0ga and 5 x 2/0ga Screw Down Type 7"" Long",,51.95,29.99
CCL/4,DISTRIBUTION BLOCK AND BATTERT TERMINALS,Copper Lugs 4ga Pack of 10,,9.95,5.99
CCL1/0,DISTRIBUTION BLOCK AND BATTERT TERMINALS,Copper Lugs 1/0ga Pack of 10,,18.95,10.99
CCL2/0,DISTRIBUTION BLOCK AND BATTERT TERMINALS,Copper Lugs 2/0ga Pack of 10,,25.95,15.99
OFCKIT0,OFC INSTALLATION KITS,OFC 0-GA Installation Kit,,179.99,99.99
OFCKIT4,OFC INSTALLATION KITS,OFC 4-GA Installation Kit,,79.95,46.99
AMPKIT0,INSTALLATION KITS,Advance 0-GA Installation Kit,,74.95,43.49
AMPKIT4,INSTALLATION KITS,Advance 4-GA Installation Kit,,34.95,20.99
AMPKIT8,INSTALLATION KITS,Advance 8-GA Installation Kit,,24.95,13.99
SW-12GA-500RB,SPEAKER WIRES,12-GA 500-Feet Speaker Wire,,133.95,79.99
SW-16GA-1000RB,SPEAKER WIRES,16-GA 1000-Feet Speaker Wire,,124.95,73.99
SW-18GA-1000RB,SPEAKER WIRES,18-GA 1000-Feet Speaker Wire,,78.95,44.99
PW-OFC1/0GA-25BK,OFC POWER WIRE 100% COPPER,"1/0-GA Ultra Flex 100% OFC Ground, Power Cable, 25', Black",,194.95,114.99
PW-OFC1/0GA-25RD,OFC POWER WIRE 100% COPPER,"1/0-GA Ultra Flex 100% OFC Ground, Power Cable, 25', RED",,194.95,114.99
PW-OFC1/0GA-25BL,OFC POWER WIRE 100% COPPER,"1/0-GA Ultra Flex 100% OFC Ground, Power Cable,25', BLUE",,194.95,114.99
PW-OFC4GA-50BL,OFC POWER WIRE 100% COPPER,"4-GA Ultra Flex 100% OFC Ground, Power Cable, 50', BLUE",,159.95,92.99
PW-OFC4GA-50BK,OFC POWER WIRE 100% COPPER,"4-GA Ultra Flex 100% OFC Ground, Power Cable, 50, BLACK",,159.95,92.99
PW-OFC4GA-50RD,OFC POWER WIRE 100% COPPER,"4-GA Ultra Flex 100% OFC Ground, Power Cable, 50', RED",,159.95,92.99
PW-1/0GA-50BK,CCA POWER WIRE,"1/0-GA Ultra Flex CCA Ground, Power Cable, 50', Black",,99.95,56.99
PW-1/0GA-50BL,CCA POWER WIRE,"1/0-GA Ultra Flex CCA Ground, Power Cable, 50', Blue",,99.95,56.99
PW-1/0GA-50RD,CCA POWER WIRE,"1/0-GA Ultra Flex CCA Ground, Power Cable, 50', Red",,99.95,56.99
PW-4GA-100BK,CCA POWER WIRE,"4-GA Ultra Flex CCA Ground Power Cable, 100', Black",,79.95,46.99
PW-4GA-100BL,CCA POWER WIRE,"4-GA Ultra Flex CCA Ground Power Cable, 100', Blue",,79.95,46.99
PW-4GA-100RD,CCA POWER WIRE,"4-GA Ultra Flex CCA Ground Power Cable, 100', Red",,79.95,46.99
PW-8GA-250BK,CCA POWER WIRE,"8-GA Ultra Flex CCA Ground Power Cable, 250', Black",,86.95,51.99
PW-8GA-250BL,CCA POWER WIRE,"8-GA Ultra Flex CCA Ground Power Cable, 250', Blue",,86.95,51.99
PW-8GA-250RD,CCA POWER WIRE,"8-GA Ultra Flex CCA Ground Power Cable, 250', Red",,86.95,51.99
RE-16GA-500BL,PRIMARY WIRES,"16 GA Ultra Flex Remote Wire Primary Wire 500' , Blue",,31.95,18.49
RE-16GA-500OR,PRIMARY WIRES,"16 GA Ultra Flex Remote Wire Primary Wire 500' , Orange",,31.95,18.49
RE-16GA-500BK,PRIMARY WIRES,"16 GA Ultra Flex Remote Wire Primary Wire 500' , Black",,31.95,18.49
RE-16GA-500RD,PRIMARY WIRES,"16 GA Ultra Flex Remote Wire Primary Wire 500' , Red",,31.95,18.49
RCA-1F2M,RCA CABLES,Rca Ultra Flex Y Connector 1 Female/2 Male,,3.95,0.75
RCA-1M2F,RCA CABLES,Rca Ultra Flex Y Connector 1 Male/2 Female,,3.95,0.75
RCA-3FT,RCA CABLES,Rca Ultra Flex 3',,3.95,1.25
RCA-6FT,RCA CABLES,Rca Ultra Flex 6',,4.95,1.65
RCA-12FT,RCA CABLES,Rca Ultra Flex 12',,5.95,2.35
RCA-16FT,RCA CABLES,Rca Ultra Flex 16',,6.95,2.85
RCA-20FT,RCA CABLES,Rca Ultra Flex 20',,7.95,3.25
R1F2M,PRIME RCA CABLES,Advance Rca Ultra Flex Y Connector 1 Female/2 Male,,4.95,1.5
R2F1M,PRIME RCA CABLES,Advance Rca Ultra Flex Y Connector 2 Female/1 Male,,4.95,1.5
R3,PRIME RCA CABLES,Advance Rca Ultra Flex 3',,5.95,2.5
R6,PRIME RCA CABLES,Advance Rca Ultra Flex 6',,6.95,3.5
R12,PRIME RCA CABLES,Advance Rca Ultra Flex 12',,7.95,4.5
R16,PRIME RCA CABLES,Advance Rca Ultra Flex 16',,8.95,5.5
R20,PRIME RCA CABLES,Advance Rca Ultra Flex 20',,9.95,6.5
HQRCA-1F2MRD,HIGH END SOUND QUALITY RCA CABLES,High Quality Rca Ultra Flex Y Connector 1 Female/2 Male Red,,14.95,7
HQRCA-1F2MBK,HIGH END SOUND QUALITY RCA CABLES,High Quality Rca Ultra Flex Y Connector 1 Female/2 Male Black,,14.95,7
HQRCA-1F2MKIT,HIGH END SOUND QUALITY RCA CABLES,High Quality Rca Ultra Flex Y Connector 1 Female/2 Male Black + Red Kit,,24.95,10
HQRCA-2F1MRD,HIGH END SOUND QUALITY RCA CABLES,High Quality Rca Ultra Flex Y Connector 2 Female/1 Male Red,,14.95,7
MQRCA-2F1MBK,HIGH END SOUND QUALITY RCA CABLES,High Quality Rca Ultra Flex Y Connector 2 Female/1 Male Black,,14.95,7
HQRCA-2F1MKIT,HIGH END SOUND QUALITY RCA CABLES,High Quality Rca Ultra Flex Y Connector 2 Female/1 Male Black + Red Kit,,24.95,10
HQRCA-3FT,HIGH END SOUND QUALITY RCA CABLES,High Quality Rca Ultra Flex 3',,19.95,8
HQRCA-6FT,HIGH END SOUND QUALITY RCA CABLES,High Quality Rca Ultra Flex 6',,21.95,9
HQRCA-12FT,HIGH END SOUND QUALITY RCA CABLES,High Quality Rca Ultra Flex 12',,23.95,10
HQRCA-16FT,HIGH END SOUND QUALITY RCA CABLES,High Quality Rca Ultra Flex 16',,25.95,11
HQRCA-20FT,HIGH END SOUND QUALITY RCA CABLES,High Quality Rca Ultra Flex 20',,28.95,12
MP3AUX3FT,CONNECT CABLES,Aux to Rca Cable 3',,3.95,0.65
MP3AUX6FT,CONNECT CABLES,Aux to Rca Cable 6',,4.95,1
HQAUX3FT,CONNECT CABLES,High Quality Aux Cable 3',,7.95,2.75
HQAUX6FT,CONNECT CABLES,High Quality Aux Cable 6',,8.95,3
MP3DUALRCA3FT,CONNECT CABLES,Aux to Rca Cable 3',,2.95,1.25
MP3DUALRCA6FT,CONNECT CABLES,Aux to Rca Cable 6',,3.95,1.5
HQMP3DUALRCA3FT,CONNECT CABLES,High Quality Aux to Rca Cable 3',,8.95,3.5
HQMP3DUALRCA6FT,CONNECT CABLES,High Quality Aux to Rca Cable 6',,9.95,4.5
EAGLEC4B,REARVIEW MIRRORS AND CAMERAS,"Rearview Mirror with 4.3"" HD LCD Display & Built-In 1080P Dash Cam Recorder & Reverse Camera And Back Up Sensors Black",,124.95,69.99
EAGLEC4S,REARVIEW MIRRORS AND CAMERAS,"Rearview Mirror with 4.3"" HD LCD Display & Built-In 1080P Dash Cam Recorder & Reverse Camera And Back Up Sensors Silver",,124.95,69.99
RCM24,REARVIEW MIRRORS AND CAMERAS,Reverse Camera With Night Vision,,21.95,12.99
RCD20B,REARVIEW MIRRORS AND CAMERAS,Reverse Camera With Night Vision (Black),,34.95,19.99
RCD20S,REARVIEW MIRRORS AND CAMERAS,Reverse Camera With Night Vision (Silver),,34.95,19.99
RCTRL,REARVIEW MIRRORS AND CAMERAS,Reverse Camera With Night Vision And Trail Tracking Display,,69.95,39.99
RCLPS,REARVIEW MIRRORS AND CAMERAS,Top License Plate Backup Camera With Night Vision (Silver),,34.95,19.99
RCLPB,REARVIEW MIRRORS AND CAMERAS,Top License Plate Backup Camera With Night Vision (Black),,34.95,19.99
RCCPS,REARVIEW MIRRORS AND CAMERAS,License Plate Backup Camera With Night Vision (Silver),,72.95,41.99
RCCPB,REARVIEW MIRRORS AND CAMERAS,License Plate Backup Camera With Night Vision (Black),,72.95,41.99
RCS2IN1LP-B,REARVIEW MIRRORS AND CAMERAS,B License Plate Backup Camera With Night Vision and 3 back up sensor (Black),,114.95,65.99
RCS2IN1LP-S,REARVIEW MIRRORS AND CAMERAS,License Plate Backup Camera With Night Vision and 3 back up sensor (Silver),,114.95,65.99
18START,2-WAY ALARM WITH REMOTE START,MLTL 2-Way Alarm System With Remote Start,,176.95,98.99
18CLASS,1-WAY ALARM,MLTL 1-Way Alarm System,,54.95,31.99
18SPORT,1-WAY ALARM,MLTL 1-Way Alarm System,,54.95,31.99
SD918,Sound Deadner,"9PCS Proffesional Sound Deadner 18""X32""X0.070""",,214.95,119.99
PC25,AGM POWER CELL,INFINITE 25 AH AGM Power Cell Battery,,129.95,79.99
PC35,AGM POWER CELL,INFINITE 35 AH AGM Power Cell Battery,,159.95,99.99
PC45,AGM POWER CELL,INFINITE 45 AH AGM Power Cell Battery,,187.95,116.99
PC55,AGM POWER CELL,INFINITE 55 AH AGM Power Cell Battery,,239.95,151.99
PCG34/65,AGM POWER CELL,INFINITE 65 AH Group 34 Power Cell Battery,,309.95,189.99
PC80,AGM POWER CELL,INFINITE 80 AH AGM Power Cell Battery,,319.95,199.99
PC90,AGM POWER CELL,INFINITE 90 AH AGM Power Cell Battery,,369.95,226.99
PC100,AGM POWER CELL,INFINITE 100 AH AGM Power Cell Battery,,409.95,254.99
PC150,AGM POWER CELL,INFINITE 150 AH AGM Power Cell Battery,,679.95,419.99
PC180,AGM POWER CELL,INFINITE 180 AH AGM Power Cell Battery,,859.95,529.99
PC220,AGM POWER CELL,INFINITE 220 AH AGM Power Cell Battery,,899.95,589.99
PC250,AGM POWER CELL,INFINITE 250 AH AGM Power Cell Battery,,1099.95,689.99
LTI24AH,LITHIUM POWER CELL ( Made In USA ),"INFINITE 24 AH Lithium Technology High Output Power Cell Battery 1000 AMPS ( 15,000 BURP RMS POWER)..",,599.95,469.99
LTI40AH,LITHIUM POWER CELL ( Made In USA ),"INFINITE 40 AH Lithium Technology High Output Power Cell Battery 2500 AMPS ( 30,000 BURP RMS POWER)..",,999.95,849.99
LTI80AH,LITHIUM POWER CELL ( Made In USA ),"INFINITE 80 AH Lithium Technology High Output Power Cell Battery 4500 AMPS ( 60,000 BURP RMS POWER)..",,1849.95,1529.99
LTI160AH,LITHIUM POWER CELL ( Made In USA ),"INFINITE 160 AH Lithium Technology High Output Power Cell Battery 9000 AMPS ( 120,000 BURP RMS POWER)..",,3599.95,2939.99
PWSI50A,Power Supply,INFINITE 50 AMP Intelligent Battery Charger And Power Supply,,269.95,154.99
PWS100A,Power Supply,INFINITE 100 AMP Power Supply,,359.95,199.99
PWSI200A,Power Supply,INFINITE 200 AMP Intelligent Battery Charger And Power Supply,,669.95,388.99
PWSMA56A,Power Supply,INFINITE MARINE 56 AMP ntelligent Battery Charger And Power Supply 4 $879.95 $489.99 ALTERNATORS,,879.95,489.99
ALT150V3 (5-7),ALTERNATORS,INFINITE 150A Alternator With Module And Regulator Holes @ (5-7),,694.95,555.96
ALT150V3 (12-6),ALTERNATORS,INFINITE 150A Alternator With Module And Regulator Holes @ (12-6),,565.95,452.76
ALT350V3 (5-7),ALTERNATORS,INFINITE 350A Alternator With Module And Regulator Holes @ (12-6),,424.95,339.96
ALT350V3 (12-6),ALTERNATORS,INFINITE 350A Alternator With Module And Regulator Holes @ (5-7),,444.95,355.96
ALT500V3 (5-7),ALTERNATORS,INFINITE 500A Alternator With Module And Regulator Holes @ (12-6),,594.95,475.96
ALT500V3 (12-6),ALTERNATORS,"INFINITE 500A Alternator With Module And Regulator Holes @ (5-7) 1 $594.95 $475.96 AUTO START,JUMP STA",,594.95,475.96
ATS10K,"AUTO START,JUMP START CHARGER","INFINITE Auto Start Ultrathin Jump Start And Charger 8,000 MAH",,74.95,42.99
ATS18K,"AUTO START,JUMP START CHARGER","INFINITE Auto Start Jump Start And Charger 10,000 MAH With Smart Clamps",,119.95,69.99
NXL-200.2D,HIGH GRADE WATERPROOF ALL ELEMENTS MARINE/ATV/UTV AMPLIFIER,HYDRO Full Range Digital Marine 2-Channel Amplifier 400 Watts,,249.95,139.99
NXL-400.4D,HIGH GRADE WATERPROOF ALL ELEMENTS MARINE/ATV/UTV AMPLIFIER,HYDRO Full Range Digital Marine 4-Channel Amplifier 800 Watts,,399.95,224.99
NXL-800.4D,HIGH GRADE WATERPROOF ALL ELEMENTS MARINE/ATV/UTV AMPLIFIER,HYDRO Full Range Digital Marine 4-Channel Amplifier 1600 Watts,,479.95,264.99
NXL-600.1D,HIGH GRADE WATERPROOF ALL ELEMENTS MARINE/ATV/UTV AMPLIFIER,HYDRO Digital Marine Monoblock Amplifier 1200 Watts,,299.95,168.99
NXL-1000.1D,HIGH GRADE WATERPROOF ALL ELEMENTS MARINE/ATV/UTV AMPLIFIER,HYDRO Digital Marine Monoblock Amplifier 2000 Watts,,416.95,229.99
NXL-800.5D,HIGH GRADE WATERPROOF ALL ELEMENTS MARINE/ATV/UTV AMPLIFIER,HYDRO Full Range Digital Marine 5-Channel Amplifier 1600 Watts,,459.95,253.99
NXL-800.6D,HIGH GRADE WATERPROOF ALL ELEMENTS MARINE/ATV/UTV AMPLIFIER,HYDRO Full Range Digital Marine 6-Channel Amplifier 1600 Watts,,479.95,269.99
NXL-800.8D,HIGH GRADE WATERPROOF ALL ELEMENTS MARINE/ATV/UTV AMPLIFIER,HYDRO Full Range Digital Marine 8-Channel Amplifier 1600 Watts,,539.95,299.99
NXL-N4,HIGH GRADE NANO WATERPROOF ALL ELEMENTS MARINE/ATV/UTV/MOTORCYCLE AMPLIFIER,HYDRO Nano Full Range Digital Marine 4-Channel Amplifier 600 Watts,,269.95,149.99
NXL-N2,HIGH GRADE NANO WATERPROOF ALL ELEMENTS MARINE/ATV/UTV/MOTORCYCLE AMPLIFIER,HYDRO Nano Full Range Digital Marine 2-Channel Amplifier 300 Watts,,249.95,139.99
NXL-N1,HIGH GRADE NANO WATERPROOF ALL ELEMENTS MARINE/ATV/UTV/MOTORCYCLE AMPLIFIER,HYDRO Nano Digital Marine Monoblock Amplifier 600 Watts,,249.95,139.99
NXL-F4,FLUSHMOUNT HIGH GRADE WATERPROOF ALL ELEMENTS MARINE/ATV/UTV/MOTORCYCLE AMPLIFIER,HYDRO Flushmount Fullrange Digital Marine4 Channel Amplifier 800 Watts,,359.95,204.99
HYDRO-65,COAXIAL,"HYDRO 6.5"" Marine Speakers 380 Watts",,49.95,29.49
HYDRO-65BK,COAXIAL,"HYDRO 6.5"" Marine Speakers 380 Watts Matte Black",,49.95,29.49
NXL-6,COAXIAL,"HYDRO 6.5"" 2-Way Marine Speakers with Integrated RGB LED Lights 300 Watts White",,139.95,78.99
NXL-8,COAXIAL,"HYDRO 8"" 2-Way Marine Speakers with Integrated RGB LED Lights 375 Watts White",,164.95,91.99
NXL-10,COAXIAL,"HYDRO 10"" 2-Way Marine Speakers with Integrated RGB LED Lights 400 Watts White",,299.95,169.99
NXL-6BK,COAXIAL,"HYDRO 6.5"" 2-Way Marine Speakers with Integrated RGB LED Lights 300 Watts Matte black",,139.95,78.99
NXL-8BK,COAXIAL,"HYDRO 8"" 2-Way Marine Speakers with Integrated RGB LED Lights 375 Watts Matte black",,164.95,91.99
NXL-10BK,COAXIAL,"HYDRO 10"" 2-Way Marine Speakers with Integrated RGB LED Lights 400 Watts Matte black",,299.95,169.99
CF-65,COAXIAL,"HYDRO 6"" 2-Way Marine Speakers with Integrated RGB LED Lights 375 Watts Black Carbon Fiber",,164.95,91.99
CF-8,COAXIAL,"HYDRO 8"" 2-Way Marine Speakers with Integrated RGB LED Lights 450 Watts Black Carbon Fiber",,196.95,109.99
CF-10,COAXIAL,"HYDRO 10"" 2-Way Marine Speakers with Integrated RGB LED Lights 500 Watts Black Carbon Fiber",,319.95,179.99
NXL-DTW,DRIVER TOWER,"HYDRO 1.75"" Driver Wakeboard Pod Tower Speaker with Integrated RGB LED Lights 900 Watts White",,319.95,178.99
NXL-DTBK,DRIVER TOWER,"HYDRO 1.75"" Driver Wakeboard Pod Tower Speaker with Integrated RGB LED Lights 900 Watts Matte black",,319.95,178.99
NXL-DTR,DRIVER TOWER,"HYDRO 1.75"" Driver Wakeboard Pod Tower Speaker with Integrated RGB LED Lights 900 Watts Red",,319.95,178.99
CF-DT,DRIVER TOWER,"HYDRO 1.75"" Driver Wakeboard Pod Tower Speaker with Integrated RGB LED Lights, 900 Watts, Black Carbon Fiber",,323.95,178.99
NXL-PS6W,COMPACT SPEAKER TOWER UTV/ATV/BOATS/ JET SKI,"HYDRO 6"" ULTRA Slim Wakeboard Pod Tower Speaker with Integrated RGB LED Lights 300 Watts White/Pair",,374.95,209.99
NXL-PS8W,COMPACT SPEAKER TOWER UTV/ATV/BOATS/ JET SKI,"HYDRO 8"" ULTRA Slim Wakeboard Pod Tower Speaker with Integrated RGB LED Lights 375 Watts Red/Pair",,399.95,224.99
NXL-PS6R,COMPACT SPEAKER TOWER UTV/ATV/BOATS/ JET SKI,"HYDRO 8"" ULTRA Slim Wakeboard Pod Tower Speaker with Integrated RGB LED Lights 375 Watts White/Pair",,374.95,209.99
NXL-PS8R,COMPACT SPEAKER TOWER UTV/ATV/BOATS/ JET SKI,"HYDRO 6"" ULTRA Slim Wakeboard Pod Tower Speaker with Integrated RGB LED Lights 300 Watts Matte Black/Pair",,399.95,224.99
NXL-PS6BK,COMPACT SPEAKER TOWER UTV/ATV/BOATS/ JET SKI,"HYDRO 6"" ULTRA Slim Wakeboard Pod Tower Speaker with Integrated RGB LED Lights 300 Watts Red/Pair",,374.95,209.99
NXL-PS8BK,COMPACT SPEAKER TOWER UTV/ATV/BOATS/ JET SKI,"HYDRO 8"" ULTRA Slim Wakeboard Pod Tower Speaker with Integrated RGB LED Lights 375 Watts Matte Black/Pair",,399.95,224.99
CF-PS6,COMPACT SPEAKER TOWER UTV/ATV/BOATS/ JET SKI,"HYDRO 6"" ULTRA Slim Wakeboard Pod Tower Speaker with Integrated RGB LED Lights, 375 Watts, Black Carbon Fiber/Pair",,414.95,231.99
CF-PS8,COMPACT SPEAKER TOWER UTV/ATV/BOATS/ JET SKI,"HYDRO 8"" ULTRA Slim Wakeboard Pod Tower Speaker with Integrated RGB LED Lights, 450 Watts, Black Carbon Fiber/Pair",,449.95,254.99
NXL-6UTVW,SHORT SPEAKER TOWER UTV/ATV/ BOATS,"HYDRO 6"" Slim Wakeboard Pod Tower Speaker with Integrated RGB LED Lights 300 Watts White/Pair",,464.95,259.99
NXL-8UTVW,SHORT SPEAKER TOWER UTV/ATV/ BOATS,"HYDRO 8"" Slim Wakeboard Pod Tower Speaker with Integrated RGB LED Lights 375 Watts White/Pair",,499.95,281.99
NXL-6UTVR,SHORT SPEAKER TOWER UTV/ATV/ BOATS,"HYDRO 6"" Slim Wakeboard Pod Tower Speaker with Integrated RGB LED Lights 300 Watts Red/Pair",,464.95,259.99
NXL-8UTVR,SHORT SPEAKER TOWER UTV/ATV/ BOATS,"HYDRO 8"" Slim Wakeboard Pod Tower Speaker with Integrated RGB LED Lights 375 Watts Red/Pair",,499.95,281.99
NXL-6UTVBK,SHORT SPEAKER TOWER UTV/ATV/ BOATS,"HYDRO 6"" Slim Wakeboard Pod Tower Speaker with Integrated RGB LED Lights 300 Watts Matte Black/Pair",,464.95,259.99
NXL-8UTVBK,SHORT SPEAKER TOWER UTV/ATV/ BOATS,"HYDRO 8"" Slim Wakeboard Pod Tower Speaker with Integrated RGB LED Lights 375 Watts Matte Black/Pair",,499.95,281.99
CF-6UTV,SHORT SPEAKER TOWER UTV/ATV/ BOATS,"HYDRO 6"" Slim Wakeboard Pod Tower Speaker with Integrated RGB LED Lights, 375 Watts, Black Carbon Fiber/Pair",,476.96,265.99
CF-8UTV,SHORT SPEAKER TOWER UTV/ATV/ BOATS,"HYDRO 8"" Slim Wakeboard Pod Tower Speaker with Integrated RGB LED Lights, 450 Watts, Black Carbon Fiber/Pair",,530.96,294.99
NXL-6TPW,SPEAKER TOWER BOAT/UTV/ATV,"HYDRO 6"" Wakeboard Pod Tower Speaker with Integrated RGB LED Lights 300 Watts White/Pair",,539.95,299.99
NXL-8TPW,SPEAKER TOWER BOAT/UTV/ATV,"HYDRO 8"" Wakeboard Pod Tower Speaker with Integrated RGB LED Lights 375 Watts White/Pair",,609.95,339.99
NXL-6TPW/NS,SPEAKER TOWER BOAT/UTV/ATV,"HYDRO 6"" Wakeboard Pod Tower with Integrated RGB LED Lights No Speakers White/Single",,179.95,104.99
NXL-8TPW/NS,SPEAKER TOWER BOAT/UTV/ATV,"HYDRO 8"" Wakeboard Pod Tower with Integrated RGB LED Lights No Speakers White/Single",,214.95,119.99
NXL-6TPBK,SPEAKER TOWER BOAT/UTV/ATV,"HYDRO 6"" Wakeboard Pod Tower Speaker with Integrated RGB LED Lights 300 Watts Matte Black/Pair",,539.95,299.99
NXL-8TPBK,SPEAKER TOWER BOAT/UTV/ATV,"HYDRO 8"" Wakeboard Pod Tower Speaker with Integrated RGB LED Lights 375 Watts Matte Black/Pair",,609.95,339.99
NXL-6TPBK/NS,SPEAKER TOWER BOAT/UTV/ATV,"HYDRO 6"" Wakeboard Pod Tower with Integrated RGB LED Lights No Speakers Matte Black/Single",,179.95,104.99
NXL-8TPBK/NS,SPEAKER TOWER BOAT/UTV/ATV,"HYDRO 8"" Wakeboard Pod ToweR with Integrated RGB LED Lights No Speakers Matte Black/Single",,214.95,119.99
NXL-6TPR,SPEAKER TOWER BOAT/UTV/ATV,"HYDRO 6"" Wakeboard Pod Tower Speaker with Integrated RGB LED Lights 300 Watts Red/Pair",,539.95,299.99
NXL-8TPR,SPEAKER TOWER BOAT/UTV/ATV,"HYDRO 8"" Wakeboard Pod Tower Speaker with Integrated RGB LED Lights 375 Watts Red/Pair",,609.95,339.99
NXL-6TPR/NS,SPEAKER TOWER BOAT/UTV/ATV,"HYDRO 6"" Wakeboard Pod Tower with Integrated RGB LED Lights No Speakers Red/Single",,179.95,104.99
NXL-8TPR/NS,SPEAKER TOWER BOAT/UTV/ATV,"HYDRO 8"" Wakeboard Pod Tower with Integrated RGB LED Lights No Speakers Red/Single",,214.95,119.99
CF-6TPB,SPEAKER TOWER BOAT/UTV/ATV,"HYDRO 6"" Wakeboard Pod Tower Speaker with Integrated RGB LED Lights, 350 Watts, Black Carbon Fiber/Pair",,564.95,314.99
CF-8TPB,SPEAKER TOWER BOAT/UTV/ATV,"HYDRO 8"" Wakeboard Pod Tower Speaker with Integrated RGB LED Lights, 425 Watts, Black Carbon Fiber/Pair",,654.95,364.99
CF-6TPB/NS,SPEAKER TOWER BOAT/UTV/ATV,"HYDRO 6"" Wakeboard Pod Tower with Integrated RGB LED Lights ,No Speakers, Black Carbon Fiber/SINGLE",,219.95,123.99
CF-8TPB/NS,SPEAKER TOWER BOAT/UTV/ATV,"HYDRO 8"" Wakeboard Pod Tower with Integrated RGB LED Lights ,No Speakers ,Black Carbon Fiber/SINGLE",,249.95,139.99
NXL-6TPWNEL,NEODINIUM SPEAKER TOWER BOAT/UTV/ATV WITH DRIVER BUILT IN,"HYDRO 6"" Towers With Neodinium Speaker 450 Watts Max With 1"" Driver And LED Light White/Pair",,709.95,394.99
NXL-8TPWNEO,NEODINIUM SPEAKER TOWER BOAT/UTV/ATV WITH DRIVER BUILT IN,"HYDRO 8"" Towers With Neodinium Speaker 540 Watts Max With 1"" Driver And LED Light White/Pair",,799.95,444.99
NXL-10TPNEO/W,NEODINIUM SPEAKER TOWER BOAT/UTV/ATV WITH DRIVER BUILT IN,"HYDRO 10"" Towers With Neodinium Speaker 540 Watts Max With 1"" Driver And LED Light White/Pair",,1339.95,744.99
NXL-6TPBKNEO,NEODINIUM SPEAKER TOWER BOAT/UTV/ATV WITH DRIVER BUILT IN,"HYDRO 6"" Towers With Neodinium Speaker 450 Watts Max With 1"" Driver And LED Light Matte Black/Pair",,709.95,394.99
NXL-8TPBKNEO,NEODINIUM SPEAKER TOWER BOAT/UTV/ATV WITH DRIVER BUILT IN,"HYDRO 8"" Towers With Neodinium Speaker 540 Watts Max With 1"" Driver And LED Light Matte Black/Single",,799.95,444.99
NXL-10TPNEO/BK,NEODINIUM SPEAKER TOWER BOAT/UTV/ATV WITH DRIVER BUILT IN,"HYDRO 10"" Towers With Neodinium Speaker 540 Watts Max With 1"" Driver And LED Light Matte Black/Single",,1339.95,744.99
NXL-10TPNEO/RD,NEODINIUM SPEAKER TOWER BOAT/UTV/ATV WITH DRIVER BUILT IN,"HYDRO 10"" Towers With Neodinium Speaker 540 Watts Max With 1"" Driver And LED Light Red and Black/Single",,1339.95,744.99
CF-6TPBNEO,NEODINIUM SPEAKER TOWER BOAT/UTV/ATV WITH DRIVER BUILT IN,"HYDRO 6"" Towers With Neodinium Speaker 500 Watts Max With 1"" Driver And LED Light (Pair) Carbon Fiber",,754.95,419.99
CF-8TPBNEO,NEODINIUM SPEAKER TOWER BOAT/UTV/ATV WITH DRIVER BUILT IN,"HYDRO 8"" Towers With Neodinium Speaker 600 Watts Max With 1"" Driver And LED Light (Pair) Carbon Fiber",,859.95,479.99
CF-10TPBNEO,NEODINIUM SPEAKER TOWER BOAT/UTV/ATV WITH DRIVER BUILT IN,"HYDRO 10"" Towers With Neodinium Speaker 600 Watts Max With 1"" Driver And LED Light (Pair) Carbon Fiber",,1439.95,799.99
NXL-62TDW,DOUBLE DRIVER SPEAKER TOWER BOAT/UTV/ATV,"HYDRO 6.5"" Double Wakeboard Pod Tower Speaker with 1.35"" Driver And Integrated RGB LED Lights 750 Watts White",,699.95,394.99
NXL-82TDW,DOUBLE DRIVER SPEAKER TOWER BOAT/UTV/ATV,"HYDRO 8"" Double Wakeboard Pod Tower Speaker with 1.35"" Driver And Integrated RGB LED Lights 900 Watts Matte White",,799.95,449.99
NXL-102TDW,DOUBLE DRIVER SPEAKER TOWER BOAT/UTV/ATV,"HYDRO 10"" Double Wakeboard Pod Tower Speaker with 1.35"" Driver And Integrated RGB LED Lights 900 Watts white",,1259.95,699.99
NXL-62TDBK,DOUBLE DRIVER SPEAKER TOWER BOAT/UTV/ATV,"HYDRO 6.5"" Double Wakeboard Pod Tower Speaker with 1.35"" Driver And Integrated RGB LED Lights 750 Watts Matte black",,699.95,394.99
NXL-82TDBK,DOUBLE DRIVER SPEAKER TOWER BOAT/UTV/ATV,"HYDRO 8"" Double Wakeboard Pod Tower Speaker with 1.35"" Driver And Integrated RGB LED Lights 900 Watts Matte black",,799.95,449.99
NXL-102TDBK,DOUBLE DRIVER SPEAKER TOWER BOAT/UTV/ATV,"HYDRO 10"" Double Wakeboard Pod Tower Speaker with 1.35"" Driver And Integrated RGB LED Lights 900 Watts Matte black",,1259.95,699.99
NXL-62TDR,DOUBLE DRIVER SPEAKER TOWER BOAT/UTV/ATV,"HYDRO 6.5"" Double Wakeboard Pod Tower Speaker with 1.35"" Driver And Integrated RGB LED Lights 750 Watts Red",,699.95,394.99
NXL-82TDR,DOUBLE DRIVER SPEAKER TOWER BOAT/UTV/ATV,"HYDRO 8"" Double Wakeboard Pod Tower Speaker with 1.35"" Driver And Integrated RGB LED Lights 900 Watts Matte Red",,799.95,449.99
CF-62TD,DOUBLE DRIVER SPEAKER TOWER BOAT/UTV/ATV,"HYDRO 6.5"" Double Wakeboard Pod Tower Speaker with 1.35"" Driver And Integrated RGB LED Lights 750 Watts Carbon Fiber",,746.95,414.99
CF-82TD,DOUBLE DRIVER SPEAKER TOWER BOAT/UTV/ATV,"HYDRO 8"" Double Wakeboard Pod Tower Speaker with 1.35 Driver System And Integrated RGB LED Lights 900 Watts Carbon Fiber",,859.95,479.99
CF-102TD,DOUBLE DRIVER SPEAKER TOWER BOAT/UTV/ATV,"HYDRO 10"" Double Wakeboard Pod Tower Speaker with 1.35"" Driver And Integrated RGB LED Lights 900 Watts Matte black",,1299.95,729.99
NXL-10SUB,SUBWOOFER,"HYDRO 10"" Marine Subwoofer with Integrated RGB Lights 600 Watts White",,199.95,114.99
CF-10SUB,SUBWOOFER,"HYDRO 10"" Marine Subwoofer with Integrated RGB Lights 600 Watts Carbon Fiber",,214.95,119.99
NXL-12SUB/WH,SUBWOOFER,"HYDRO 12"" Marine Subwoofer with Integrated RGB Lights 700 Watts White",,299.95,169.99
NXL-12SUB/BK,SUBWOOFER,"HYDRO 12"" Marine Subwoofer with Integrated RGB Lights 700 Watts Matte black",,299.95,169.99
NXL-10SUBLD/W,SUBWOOFER ENCLOSURES,"HYDRO 10"" LOADED Marine Subwoofer with 10"" Passive Radiadator And Integrated RGB Lights 700 Watts White",,519.95,289.99
NXL-10SUBLD/BK,SUBWOOFER ENCLOSURES,"HYDRO 10"" LOADED Marine Subwoofer with 10"" Passive Radiadator And Integrated RGB Lights 700 Watts Matte Black",,519.95,289.99
SBAR25,SOUND BAR BOAT/UTV/ATV,"HYDRO 35"" 2 Way Sound Bar Waterproof Speaker System with Integrated RGB Lights 600 Watts",,359.95,199.99
SBAR30BT,SOUND BAR BOAT/UTV/ATV,"HYDRO 30"" Amplified with Bluetooth 2 Way Sound Bar Waterproof Speaker System with Integrated RGB Lights 700 Watts",,754.95,419.99
SBAR35,SOUND BAR BOAT/UTV/ATV,"HYDRO 35"" 2 Way Sound Bar Waterproof Speaker System with Integrated RGB Lights 800 Watts",,575.95,319.99
SBAR35BT,SOUND BAR BOAT/UTV/ATV,"HYDRO 35"" Amplified with Bluetooth 2 Way Sound Bar Waterproof Speaker System with Integrated RGB Lights 800 Watts",,839.95,469.99
TPC6S,HYDRO ACCESSORIES,"HYDRO 6"" Tower Cover Slim For UTV AND PS Models",,24.95,13.99
TPC8S,HYDRO ACCESSORIES,"HYDRO 8"" Tower Cover Slim For UTV AND PS Models",,26.95,14.99
TPC6,HYDRO ACCESSORIES,"HYDRO 6"" Tower Cover For TP And Neo Models",,29.95,15.99
TPC8,HYDRO ACCESSORIES,"HYDRO 8"" Tower Cover For TP And Neo Models",,31.95,17.99
TPC10,HYDRO ACCESSORIES,"HYDRO 10"" Tower Cover For TP And Neo Models",,33.95,18.99
TMBRW,HYDRO ACCESSORIES,HYDRO Tube Mounting Bracket White (Single),,34.95,19.99
TMBRB,HYDRO ACCESSORIES,HYDRO Tube Mounting Bracket Black (Single),,34.95,19.99
FLMB/B,HYDRO ACCESSORIES,"HYDRO 3"",2.75"",2.5"" AND 2.25"" Clamp Adaptors For Towers White (Single)",,58.95,32.99
FLMB/W,HYDRO ACCESSORIES,"HYDRO 3"",2.75"",2.5"" AND 2.25"" Clamp Adaptors For Towers Black (Single)",,58.95,32.99
CLP3RW,HYDRO ACCESSORIES,HYDRO Flat Mount Bracket Black,,69.95,39.99
CLP3RB,HYDRO ACCESSORIES,HYDRO Flat Mount Bracket White,,69.95,39.99
FLMBPS/B,HYDRO ACCESSORIES,HYDRO Flat Mount Bracket for PS Towers Black,,149.95,82.99
FLMBPS/W,HYDRO ACCESSORIES,HYDRO Flat Mount Bracket for PS Towers White,,149.95,82.99
RTMPS/B,HYDRO ACCESSORIES,HYDRO Rotate Base Mount Bracket for PS Towers Black,,139.95,78.49
RTMPS/W,HYDRO ACCESSORIES,HYDRO Rotate Base Mount Bracket for PS Towers White,,139.95,78.49
TSB3W,HYDRO ACCESSORIES,"HYDRO 48.3""-50.3"" Mounting Tube with Mobile Clamps Perfect for Mounting Towers/Pods on Roll Bars and Cages White",,219.95,124.99
TSB3B,HYDRO ACCESSORIES,"HYDRO 48.3""-50.3"" Mounting Tube with Mobile Clamps Perfect for Mounting Towers/Pods on Roll Bars and Cages Black",,219.95,124.99
SS39K,HYDRO ACCESSORIES,"Soft Shackle 39,000 lbs",,59.95,33.96
TS3.30,HYDRO ACCESSORIES,"Tow Strap 3"" x 30' | Ultra Heavy Duty 22,000 lbs",,59.95,33.96
MOFCKIT4,Marine Grade Ofc Wires,HYDRO Marine Grade OFC 4GA Instalation Kit,,89.95,51.99
MOFCKIT8,Marine Grade Ofc Wires,HYDRO Marine Grade OFC 0GA Instalation Kit,,52.95,29.99
MOFC0GA25P,Marine Grade Ofc Wires,HYDRO Marine Grade OFC Power Wire 0GA 25 Feet,,214.95,119.99
MOFC0GA25G,Marine Grade Ofc Wires,HYDRO Marine Grade OFC Ground Wire 0GA 25 Feet,,214.95,119.99
MOFC4GA50P,Marine Grade Ofc Wires,HYDRO Marine Grade OFC Power Wire 4GA 50 Feet,,169.95,96.99
MOFC4GA50G,Marine Grade Ofc Wires,HYDRO Marine Grade OFC Ground Wire 4GA 50 Feet,,169.95,96.99
MOFC8GA100P,Marine Grade Ofc Wires,HYDRO Marine Grade OFC Power Wire 8GA 100 Feet,,139.95,79.99
MOFC8GA100G,Marine Grade Ofc Wires,HYDRO Marine Grade OFC Ground Wire 8GA 100 Feet,,139.95,79.99
MOFC12GA150SW,Marine Grade Ofc Wires,HYDRO Marine Grade OFC Speaker Wire 12GA 150 Feet,,174.95,97.99
MOFC16GA150SW,Marine Grade Ofc Wires,HYDRO Marine Grade OFC Speaker Wire 16GA 150 Feet,,79.95,44.99
JHHL,VISION OFF ROAD LED LIGHTS,"Vision 7"" LED/RGB Headlight for Jeep Wrangler, Harley And More!",,299.95,168.99
VLKH1COB,OFF ROAD LED KITS ALL IN ONE,VISION Cob LED Conversion Kit 6000/White All In One,,38.95,21.99
VLKH3COB,OFF ROAD LED KITS ALL IN ONE,VISION Cob LED Conversion Kit 6000/White All In One,,38.95,21.99
VLKH7COB,OFF ROAD LED KITS ALL IN ONE,VISION Cob LED Conversion Kit 6000/White All In One,,38.95,21.99
VLKH10COB,OFF ROAD LED KITS ALL IN ONE,VISION Cob LED Conversion Kit 6000/White All In One,,38.95,21.99
VLKH11COB,OFF ROAD LED KITS ALL IN ONE,VISION Cob LED Conversion Kit 6000/White All In One,,38.95,21.99
VLK9005COB,OFF ROAD LED KITS ALL IN ONE,VISION Cob LED Conversion Kit 6000/White All In One,,38.95,21.99
VLK9006COB,OFF ROAD LED KITS ALL IN ONE,VISION Cob LED Conversion Kit 6000/White All In One,,38.95,21.99
VLK880COB,OFF ROAD LED KITS ALL IN ONE,VISION Cob LED Conversion Kit 6000/White All In One,,38.95,21.99
VLK5202COB,OFF ROAD LED KITS ALL IN ONE,VISION Cob LED Conversion Kit 6000/White All In One,,38.95,21.99
VLKH4COB,OFF ROAD LED KITS ALL IN ONE,VISION Cob LED Conversion Kit 6000/White All In One,,46.95,26.65
VLKH13COB,OFF ROAD LED KITS ALL IN ONE,VISION Cob LED Conversion Kit 6000/White All In One,,46.95,26.65
VLK9004COB,OFF ROAD LED KITS ALL IN ONE,VISION Cob LED Conversion Kit 6000/White All In One,,46.95,26.65
CLK9007COB,OFF ROAD LED KITS ALL IN ONE,VISION Cob LED Conversion Kit 6000/White All In One,,46.95,26.65
VJH1,OFF ROAD LED KITS SLIM SIZE,VISION Csp LED Conversion Kit 6000/White,,62.95,35.99
VJH3,OFF ROAD LED KITS SLIM SIZE,VISION Csp LED Conversion Kit 6000/White,,62.95,35.99
VJH7,OFF ROAD LED KITS SLIM SIZE,VISION Csp LED Conversion Kit 6000/White,,62.95,35.99
VJH10,OFF ROAD LED KITS SLIM SIZE,VISION Csp LED Conversion Kit 6000/White,,62.95,35.99
VJH11,OFF ROAD LED KITS SLIM SIZE,VISION Csp LED Conversion Kit 6000/White,,62.95,35.99
VJ9005,OFF ROAD LED KITS SLIM SIZE,VISION Csp LED Conversion Kit 6000/White,,62.95,35.99
VJ9006,OFF ROAD LED KITS SLIM SIZE,VISION Csp LED Conversion Kit 6000/White,,62.95,35.99
VJ800,OFF ROAD LED KITS SLIM SIZE,VISION Csp LED Conversion Kit 6000/White,,62.95,35.99
VJ5202,OFF ROAD LED KITS SLIM SIZE,VISION Csp LED Conversion Kit 6000/White,,62.95,35.99
VJH4,OFF ROAD LED KITS SLIM SIZE,VISION Csp LED Conversion Kit 6000/White,,69.95,39.99
VJH13,OFF ROAD LED KITS SLIM SIZE,VISION Csp LED Conversion Kit 6000/White,,69.95,39.99
VJ9004,OFF ROAD LED KITS SLIM SIZE,VISION Csp LED Conversion Kit 6000/White,,69.95,39.99
VJ9007,OFF ROAD LED KITS SLIM SIZE,VISION Csp LED Conversion Kit 6000/White,,69.95,39.99
HAWK-0520,"HAWK WINDOW TINT SRC 20"" BY 200 FEET","DESERT EAGLE Window Tint Roll 20"" by 200 Feet Long 5% 1 Ply Anti Scratch",,124.95,69.99
HAWK-2020,"HAWK WINDOW TINT SRC 20"" BY 200 FEET","DESERT EAGLE Window Tint Roll 20"" by 200 Feet Long 20% 1 Ply Anti Scratch",,124.95,69.99
HAWK-3520,"HAWK WINDOW TINT SRC 20"" BY 200 FEET","DESERT EAGLE Window Tint Roll 20"" by 200 Feet Long 35% 1 Ply Anti Scratch",,124.95,69.99
HAWK-5020,"HAWK WINDOW TINT SRC 20"" BY 200 FEET","DESERT EAGLE Window Tint Roll 20"" by 200 Feet Long 50% 1 Ply Anti Scratch",,124.95,69.99
HAWK-0540,"HAWK WINDOW TINT SRC 40"" BY 200 FEET","DESERT EAGLE Window Tint Roll 40"" by 200 Feet Long 5% 1 Ply Anti Scratch",,249.95,139.99
HAWK-2040,"HAWK WINDOW TINT SRC 40"" BY 200 FEET","DESERT EAGLE Window Tint Roll 40"" by 200 Feet Long 20% 1 Ply Anti Scratch",,249.95,139.99
HAWK-3540,"HAWK WINDOW TINT SRC 40"" BY 200 FEET","DESERT EAGLE Window Tint Roll 40"" by 200 Feet Long 35% 1 Ply Anti Scratch",,249.95,139.99
HAWK-5040,"HAWK WINDOW TINT SRC 40"" BY 200 FEET","DESERT EAGLE Window Tint Roll 40"" by 200 Feet Long 50% 1 Ply Anti Scratch",,249.95,139.99
HAWK-0560,"HAWK WINDOW TINT SRC 60"" BY 200 FEET","DESERT EAGLE Window Tint Roll 60"" by 200 Feet Long 5% 1 Ply Anti Scratch",,374.95,209.99
HAWK-2060,"HAWK WINDOW TINT SRC 60"" BY 200 FEET","DESERT EAGLE Window Tint Roll 60"" by 200 Feet Long 20% 1 Ply Anti Scratch",,374.95,209.99
HAWK-3560,"HAWK WINDOW TINT SRC 60"" BY 200 FEET","DESERT EAGLE Window Tint Roll 60"" by 200 Feet Long 35% 1 Ply Anti Scratch",,374.95,209.99
HAWK-5060,"HAWK WINDOW TINT SRC 60"" BY 200 FEET","DESERT EAGLE Window Tint Roll 60"" by 200 Feet Long 50% 1 Ply Anti Scratch",,374.95,209.99
